ause,bvi_std_mean,calibrated_coverage_95,calibrated_coverage_error,calibrated_gaussian_crps,calibrated_gaussian_nll,calibrated_mpiw_95,calibrated_sample_quantile_coverage_95,calibration_scale,components,coverage_95,crps,data_misfit,ensemble_dispersion_scale,epsilon_mae,epsilon_rmse,event_auprc,event_auroc,event_brier,event_ece,event_prevalence,final_objective,gaussian_nll,global_index,mc_dropout_dispersion_scale,method,mixture_effective_components,mixture_max_weight,model_name,mpiw_95,neural_center,noise_std,normalized_rmse,physics_evaluations,posterior_mean_alpha,posterior_mean_line_search,posterior_mean_policy,posterior_mean_projection_max_error,posterior_mean_selected_label,posterior_precision_condition,posterior_precision_data_trace,posterior_sample_std_mean,posterior_std_prior_actual_mean,posterior_std_prior_requested_mean,posterior_std_prior_scale,sample_quantile_coverage_95,snr_db,split,stage_line_search_gains,stage_line_search_objectives,stage_new_weights,std_error_spearman,trust_std,view,wall_seconds
,,,,,,,,,,,,0.2289615273475647,,0.48413220047950745,0.6871001720428467,,,,,,,,923,,nn,,,model_924.mat,,,,0.08588752150535583,1,,,,,,,,,,,,,0.0,test,,,,,,mixed_0db,0.6800916194915771
0.016120696306306855,,0.9516754150390625,0.0016754150390625444,0.043809825388820875,-1.1714763418586625,0.3503627240793957,0.937530517578125,7.976083234617511,,0.1740264892578125,0.05598980903711111,0.2284260392189026,,0.49371245044771206,0.692058338676527,0.7501002032269869,0.9366476698251216,0.006628214518229167,0.006243896484375001,0.02252197265625,,26.689396059927333,923,,mc_dropout,,,model_924.mat,0.04392666347359672,,,0.08650729233456587,1,,,,,,,,,,,,0.15777587890625,0.0,test,,,,0.3748223991860645,,mixed_0db,0.720794677734375
0.019502703783657312,,0.9234619140625,0.026538085937499956,0.049567552458772035,-0.9709095629135932,0.37939911361716927,0.7787017822265625,4.708565913660769,,0.2800445556640625,0.060137057945364635,0.22188742458820343,,0.551391074217554,0.7032878966807042,0.8727402892992044,0.9611329613920554,0.0043853759765625,0.002523803710937499,0.02252197265625,,11.753245215662803,923,,deep_ensemble,,,model_924.mat,0.08057636245835975,,,0.08791098708508803,1,,,,,,,,,,,,0.207763671875,0.0,test,,,,0.3223343766777741,,mixed_0db,0.5335042476654053
,,,,,,,,,0,,,0.22851744294166565,,0.4852633476257324,0.6876152157783508,,,,,,1.012729287147522,,923,,residual_map,,,model_924.mat,,,,0.08595190197229385,7,,,,,,1.0,0.0,,,,,,0.0,test,,,,,0.03,mixed_0db,8.18875789642334
0.01676224053346318,,0.9775390625,0.027539062500000044,0.04811458828858141,-0.9799104600667407,0.5116546617922777,0.976348876953125,1.912344593926287,0,0.9032745361328125,0.043227531134321845,0.2306068241596222,,0.48005428882911794,0.6838513549626375,0.7369497083101895,0.9075067137262068,0.01918825786560774,0.06538331508636475,0.02252197265625,1.012722373008728,-0.924887304577279,923,,residual_laplace,,,model_924.mat,0.26755359021679126,,,0.08548141937032969,31,,,,,,1.8307555984872332,5.7060651103264055,,,,,0.8986968994140625,0.0,test,,,,0.44120486417699134,0.03,mixed_0db,18.270562887191772
0.011497721601885074,0.09185443073511124,0.9310455322265625,0.018954467773437456,0.045603621829174185,-1.170970228172215,0.2717216021001814,0.8519287109375,0.8191470054346994,2,0.9648590087890625,0.04604991869870267,0.2168421447277069,1.8,0.5350919833631966,0.6903989813118349,0.8747947267084767,0.9518979919739878,0.010240532457828522,0.04315638542175292,0.02252197265625,1.0933746099472046,-1.1901855293279702,923,7.5,neural_bvi,1.64938485622406,0.800000011920929,model_924.mat,0.3317128675285653,ensemble_calibrated,0.1627885103225708,0.08629987266397936,37,0.0,"[{""label"": ""reference_ensemble_mean"", ""alpha"": null, ""data_rmse"": 0.22188742458820343}, {""label"": ""center"", ""alpha"": 0.0, ""data_rmse"": 0.2168421894311905}, {""label"": ""bvi_alpha_0.025"", ""alpha"": 0.025, ""data_rmse"": 0.21685470640659332}, {""label"": ""bvi_alpha_0.05"", ""alpha"": 0.05, ""data_rmse"": 0.2167966663837433}, {""label"": ""bvi_alpha_0.1"", ""alpha"": 0.1, ""data_rmse"": 0.21682235598564148}, {""label"": ""bvi_alpha_0.2"", ""alpha"": 0.2, ""data_rmse"": 0.21685534715652466}]",physics_line_search,1.7881393432617188e-07,center,,,0.06948837637901306,0.0846206322312355,0.0846206322312355,0.75,0.9189453125,0.0,test,"[0.0, 0.00037682056427001953]","[1.0218340121209621, 1.0933746099472046]","[1.0, 0.2]",0.5832015868652545,0.03,mixed_0db,37.378663539886475
,,,,,,,,,,,,0.18281587958335876,,0.5124538540840149,0.7259436845779419,,,,,,,,923,,nn,,,model_924.mat,,,,0.09074296057224274,1,,,,,,,,,,,,,5.0,test,,,,,,mixed_5db,0.5063321590423584
0.018187722893001565,,0.93914794921875,0.010852050781249956,0.04660986262673418,-1.1006026136708287,0.3517306380937171,0.92181396484375,7.976083234617511,,0.1925201416015625,0.0593331111488758,0.1828862577676773,,0.5197617235248572,0.7295345368131086,0.7308398170137204,0.9215302473037219,0.00670135498046875,0.006265258789062502,0.02252197265625,,30.853692719089903,923,,mc_dropout,,,model_924.mat,0.04409816543281468,,,0.09119181710163858,1,,,,,,,,,,,,0.1776885986328125,5.0,test,,,,0.3321988153433571,,mixed_5db,0.7629108428955078
0.021688233647623716,,0.8977508544921875,0.052249145507812456,0.05281853150777964,-0.9055083709273936,0.3852539972588992,0.7320556640625,4.708565913660769,,0.29522705078125,0.06328866375079997,0.17215962707996368,,0.577251451983193,0.7388219268961272,0.8880230530816072,0.9710808358864107,0.0038946533203125006,0.0024444580078125,0.02252197265625,,13.196783239499258,923,,deep_ensemble,,,model_924.mat,0.08181981612224307,,,0.0923527408620159,1,,,,,,,,,,,,0.221588134765625,5.0,test,,,,0.3026646934294572,,mixed_5db,0.6038403511047363
,,,,,,,,,0,,,0.1812254935503006,,0.5164502859115601,0.7309211492538452,,,,,,2.042240619659424,,923,,residual_map,,,model_924.mat,,,,0.09136514365673065,7,,,,,,1.0,0.0,,,,,,5.0,test,,,,,0.03,mixed_5db,7.421881675720215
0.015506865484368278,,0.9702606201171875,0.020260620117187544,0.048223812542352584,-1.0055245222411044,0.45071089543850723,0.9679107666015625,1.912344593926287,0,0.8726806640625,0.04656199251272626,0.1824461668729782,,0.5151180006123113,0.7303561427745277,0.7066746021909587,0.8939356427790004,0.013034015893936157,0.04253554344177246,0.02252197265625,2.0422542095184326,-0.6954398493312504,923,,residual_laplace,,,model_924.mat,0.23568497914757547,,,0.09129451784681596,31,,,,,,2.5415475727768286,18.52132560328261,,,,,0.866058349609375,5.0,test,,,,0.5206802180540921,0.03,mixed_5db,21.23814082145691
0.012283120556059334,0.09780220687389374,0.940948486328125,0.009051513671874956,0.04756794855941341,-1.142631411345023,0.2879430828382984,0.8874359130859375,0.8191470054346994,2,0.9638824462890625,0.04788729875761253,0.16426154971122742,1.8,0.561680064242676,0.7257867747557853,0.8937269122922253,0.9616733328002964,0.010025640949606895,0.04963088035583496,0.02252197265625,1.9424831867218018,-1.1525943741653628,923,7.5,neural_bvi,1.0,1.0,model_924.mat,0.351515760819384,ensemble_calibrated,0.09154271334409714,0.09072334684447317,37,0.0,"[{""label"": ""reference_ensemble_mean"", ""alpha"": null, ""data_rmse"": 0.17215962707996368}, {""label"": ""center"", ""alpha"": 0.0, ""data_rmse"": 0.16426169872283936}, {""label"": ""bvi_alpha_0.025"", ""alpha"": 0.025, ""data_rmse"": 0.16433760523796082}, {""label"": ""bvi_alpha_0.05"", ""alpha"": 0.05, ""data_rmse"": 0.1644240766763687}, {""label"": ""bvi_alpha_0.1"", ""alpha"": 0.1, ""data_rmse"": 0.16454805433750153}, {""label"": ""bvi_alpha_0.2"", ""alpha"": 0.2, ""data_rmse"": 0.164702370762825}]",physics_line_search,1.7881393432617188e-07,center,,,0.07548489421606064,0.08967238664627075,0.08967238664627075,0.75,0.929931640625,5.0,test,"[0.0, 0.10208654403686523]","[1.8450607918202877, 1.9424831867218018]","[1.0, 1.0]",0.5892458594526992,0.03,mixed_5db,37.08698892593384
,,,,,,,,,,,,0.17125485837459564,,0.5121961832046509,0.7092354893684387,,,,,,,,923,,nn,,,model_924.mat,,,,0.08865443617105484,1,,,,,,,,,,,,,10.0,test,,,,,,mixed_10db,0.5094749927520752
0.0180522219122914,,0.9425811767578125,0.007418823242187456,0.04555651840894402,-1.1437985623475813,0.33243216572096507,0.920867919921875,7.976083234617511,,0.173370361328125,0.05922281975473941,0.17104342579841614,,0.5172315139031525,0.71137420086503,0.745930550283294,0.9223172434463964,0.006566128200954861,0.0060760498046875016,0.02252197265625,,30.982025670486603,923,,mc_dropout,,,model_924.mat,0.0416786229276821,,,0.08892177510812875,1,,,,,,,,,,,,0.1607513427734375,10.0,test,,,,0.32963960558658617,,mixed_10db,0.7808988094329834
0.023581595014306057,,0.9017333984375,0.048266601562499956,0.051499207311739945,-0.8765358397174605,0.3800828477021003,0.7580718994140625,4.708565913660769,,0.2916107177734375,0.0625030490062079,0.1590302586555481,,0.5700611679286793,0.7122068141251539,0.8967002876626696,0.9673762719909434,0.0039129638671875,0.002035522460937499,0.02252197265625,,13.321963063904324,923,,deep_ensemble,,,model_924.mat,0.08072157315228692,,,0.08902585176564423,1,,,,,,,,,,,,0.2159271240234375,10.0,test,,,,0.21210625682453985,,mixed_10db,0.6077582836151123
,,,,,,,,,0,,,0.16707482933998108,,0.5190389752388,0.7169122099876404,,,,,,5.430909156799316,,923,,residual_map,,,model_924.mat,,,,0.08961402624845505,7,,,,,,1.0,0.0,,,,,,10.0,test,,,,,0.03,mixed_10db,7.659900903701782
0.015240579224749409,,0.94708251953125,0.0029174804687499556,0.04617236376907807,-1.047918091844352,0.36660504191924087,0.9415283203125,1.912344593926287,0,0.796905517578125,0.04720528667328856,0.168330579996109,,0.5174488296662059,0.7142715644484092,0.7223791681863232,0.897176602093058,0.009950663894414902,0.026633024215698242,0.02252197265625,5.430881977081299,-0.24986581509258587,923,,residual_laplace,,,model_924.mat,0.19170448839834153,,,0.08928394555605115,31,,,,,,4.170626907729655,53.86881918616677,,,,,0.7824859619140625,10.0,test,,,,0.5055883823057536,0.03,mixed_10db,21.1601779460907
0.011564910445570028,0.09123745560646057,0.931884765625,0.018115234374999956,0.0472181915402669,-1.1547818828622542,0.2709492512814442,0.8211517333984375,0.8191470054346994,2,0.9740447998046875,0.04775103287904634,0.15256711840629578,1.8,0.5550433993646333,0.7000504945128455,0.9026468710438172,0.9701893740370435,0.008317705243825912,0.0367121696472168,0.02252197265625,4.703055381774902,-1.179968722903426,923,7.5,neural_bvi,1.0,1.0,model_924.mat,0.3307699954755481,ensemble_calibrated,0.051478251814842224,0.08750631181410569,37,0.0,"[{""label"": ""reference_ensemble_mean"", ""alpha"": null, ""data_rmse"": 0.1590302586555481}, {""label"": ""center"", ""alpha"": 0.0, ""data_rmse"": 0.1525668203830719}, {""label"": ""bvi_alpha_0.025"", ""alpha"": 0.025, ""data_rmse"": 0.15247395634651184}, {""label"": ""bvi_alpha_0.05"", ""alpha"": 0.05, ""data_rmse"": 0.1524413526058197}, {""label"": ""bvi_alpha_0.1"", ""alpha"": 0.1, ""data_rmse"": 0.15238961577415466}, {""label"": ""bvi_alpha_0.2"", ""alpha"": 0.2, ""data_rmse"": 0.15227195620536804}]",physics_line_search,1.7881393432617188e-07,center,,,0.06941970437765121,0.08438010513782501,0.08438010513782501,0.75,0.91448974609375,10.0,test,"[0.0, 0.0]","[4.857539638876915, 4.703055381774902]","[1.0, 0.0]",0.5605853270529352,0.03,mixed_10db,37.13749384880066
,,,,,,,,,,,,0.20846953988075256,,0.38073769211769104,0.5149121284484863,,,,,,,,981,,nn,,,model_982.mat,,,,0.06436401605606079,1,,,,,,,,,,,,,0.0,test,,,,,,mixed_0db,0.4983558654785156
0.0131693081724509,,0.8400421142578125,0.10995788574218746,0.036472523447469034,-0.768358755233316,0.32561560354207875,0.8351593017578125,7.976083234617511,,0.2027130126953125,0.04274879043968533,0.20753547549247742,,0.3820387433625645,0.5146830159047904,0.921768380402983,0.9647979772025697,0.004280565049913194,0.0038146972656250026,0.0303192138671875,,71.94216832762818,981,,mc_dropout,,,model_982.mat,0.04082399768870257,,,0.0643353769880988,1,,,,,,,,,,,,0.172210693359375,0.0,test,,,,0.3029300685291403,,mixed_0db,0.799191951751709
0.012173326491932814,,0.8946380615234375,0.055361938476562456,0.03834926924042776,-1.1719673591960242,0.3211394519323152,0.751190185546875,4.708565913660769,,0.3010101318359375,0.04390659711906949,0.19762112200260162,,0.40575971869709515,0.5344922376198414,0.9633724980403578,0.9849083283106388,0.0035717773437499998,0.00279541015625,0.0303192138671875,,14.0924457323733,981,,deep_ensemble,,,model_982.mat,0.06820324019439498,,,0.06681152970248018,1,,,,,,,,,,,,0.2061767578125,0.0,test,,,,0.37951547759971765,,mixed_0db,0.608253002166748
,,,,,,,,,0,,,0.2053346335887909,,0.3783106803894043,0.5169273614883423,,,,,,0.8772445917129517,,981,,residual_map,,,model_982.mat,,,,0.06461592018604279,7,,,,,,1.0,0.0,,,,,,0.0,test,,,,,0.03,mixed_0db,7.59626841545105
0.010255231793101676,,0.99444580078125,0.044445800781250044,0.039076506343328696,-1.2049663354750333,0.47685948410436413,0.9929656982421875,1.912344593926287,0,0.9654693603515625,0.03320220434808139,0.2028721570968628,,0.3717555069552225,0.5131696993028381,0.9293155614587529,0.9826478128385577,0.004956168122589588,0.011977791786193848,0.0303192138671875,0.8772480487823486,-1.467673751408225,981,,residual_laplace,,,model_982.mat,0.2493585547991357,,,0.06414621241285476,31,,,,,,2.0485349247167957,10.157982566609055,,,,,0.964630126953125,0.0,test,,,,0.47782331679027856,0.03,mixed_0db,21.20836567878723
0.01120239317343741,0.0836942046880722,0.9892425537109375,0.039242553710937544,0.03449676542847795,-1.5058305159246157,0.2718762322251884,0.819915771484375,0.8191470054346994,2,0.9975738525390625,0.0353935969002401,0.1892271786928177,1.8,0.4013606475967251,0.5343192109116209,0.9579008818819426,0.985095998781613,0.005108212120831013,0.020951151847839352,0.0303192138671875,0.9813927412033081,-1.441238819970268,981,7.5,neural_bvi,1.0,1.0,model_982.mat,0.3319016372170108,ensemble_calibrated,0.15801496803760529,0.06678990136395262,37,0.0,"[{""label"": ""reference_ensemble_mean"", ""alpha"": null, ""data_rmse"": 0.19762112200260162}, {""label"": ""center"", ""alpha"": 0.0, ""data_rmse"": 0.18922719359397888}, {""label"": ""bvi_alpha_0.025"", ""alpha"": 0.025, ""data_rmse"": 0.1892368197441101}, {""label"": ""bvi_alpha_0.05"", ""alpha"": 0.05, ""data_rmse"": 0.18926693499088287}, {""label"": ""bvi_alpha_0.1"", ""alpha"": 0.1, ""data_rmse"": 0.18936549127101898}, {""label"": ""bvi_alpha_0.2"", ""alpha"": 0.2, ""data_rmse"": 0.1895540952682495}]",physics_line_search,1.7881393432617188e-07,center,,,0.06850294768810272,0.08466878533363342,0.08466878533363342,0.75,0.899169921875,0.0,test,"[0.0, 0.0]","[0.9860624670982361, 0.9813927412033081]","[1.0, 0.0]",0.4254543894513673,0.03,mixed_0db,38.53668212890625
,,,,,,,,,,,,0.16302694380283356,,0.3753116726875305,0.5170735716819763,,,,,,,,981,,nn,,,model_982.mat,,,,0.06463419646024704,1,,,,,,,,,,,,,5.0,test,,,,,,mixed_5db,0.5144045352935791
0.013359596611769085,,0.8409271240234375,0.10907287597656246,0.03520134701418688,-0.7691927025815669,0.29731669940416117,0.8368377685546875,7.976083234617511,,0.1888580322265625,0.04216695447380946,0.16173018515110016,,0.37442162252644573,0.5161211850090344,0.919497546655229,0.9652923707952261,0.004507293701171876,0.00411224365234375,0.0303192138671875,,76.99832256096614,981,,mc_dropout,,,model_982.mat,0.03727602767095699,,,0.0645151481261293,1,,,,,,,,,,,,0.1665496826171875,5.0,test,,,,0.2668624784124841,,mixed_5db,0.8323721885681152
0.01214266772261347,,0.900787353515625,0.049212646484374956,0.03755292085280244,-1.19754943244748,0.3226413900187849,0.763824462890625,4.708565913660769,,0.3169708251953125,0.04255580739988716,0.15120470523834229,,0.3946592838733295,0.5266268543786687,0.9617099995713276,0.9832566658179424,0.0035162353515625004,0.0027862548828125003,0.0303192138671875,,13.525495015516698,981,,deep_ensemble,,,model_982.mat,0.06852222014368341,,,0.06582835679733359,1,,,,,,,,,,,,0.2069244384765625,5.0,test,,,,0.37832651868239986,,mixed_5db,0.5901715755462646
,,,,,,,,,0,,,0.15636864304542542,,0.37003016471862793,0.5221418142318726,,,,,,1.6731809377670288,,981,,residual_map,,,model_982.mat,,,,0.06526772677898407,7,,,,,,1.0,0.0,,,,,,5.0,test,,,,,0.03,mixed_5db,7.685385465621948
0.010112812522100785,,0.989227294921875,0.039227294921875044,0.03581595715570458,-1.31977372699978,0.39682189105128385,0.98779296875,1.912344593926287,0,0.9363250732421875,0.03237425870603057,0.1543203741312027,,0.36311868676387915,0.517190781066338,0.9135610924505955,0.9730320601985575,0.004846096038818359,0.00552058219909668,0.0303192138671875,1.676613688468933,-1.424435339516567,981,,residual_laplace,,,model_982.mat,0.20750543202266958,,,0.06464884763329225,31,,,,,,3.5978713852048165,36.17646384618859,,,,,0.9361572265625,5.0,test,,,,0.49638883754090846,0.03,mixed_5db,21.045235633850098
0.011457802503262254,0.08627942949533463,0.9827423095703125,0.032742309570312544,0.034161007576050825,-1.5000356815180527,0.27753936093781106,0.82794189453125,0.8191470054346994,2,0.9954986572265625,0.034772648658869865,0.13964083790779114,1.8,0.39045161393597816,0.5263519786954531,0.9567663920899218,0.98434016531458,0.005540588870644569,0.025072574615478516,0.0303192138671875,1.641521692276001,-1.4329871796362879,981,7.5,neural_bvi,1.0,1.0,model_982.mat,0.33881508336898375,ensemble_calibrated,0.08885835111141205,0.06579399733693164,37,0.0,"[{""label"": ""reference_ensemble_mean"", ""alpha"": null, ""data_rmse"": 0.15120470523834229}, {""label"": ""center"", ""alpha"": 0.0, ""data_rmse"": 0.13964112102985382}, {""label"": ""bvi_alpha_0.025"", ""alpha"": 0.025, ""data_rmse"": 0.13959954679012299}, {""label"": ""bvi_alpha_0.05"", ""alpha"": 0.05, ""data_rmse"": 0.13956357538700104}, {""label"": ""bvi_alpha_0.1"", ""alpha"": 0.1, ""data_rmse"": 0.13951554894447327}, {""label"": ""bvi_alpha_0.2"", ""alpha"": 0.2, ""data_rmse"": 0.13942191004753113}]",physics_line_search,1.7881393432617188e-07,center,,,0.0705302506685257,0.08643241971731186,0.08643241971731186,0.75,0.9049835205078125,5.0,test,"[0.0, 0.0]","[1.491324171423912, 1.641521692276001]","[1.0, 0.0]",0.4012236523793598,0.03,mixed_5db,38.1932590007782
,,,,,,,,,,,,0.14414624869823456,,0.37979406118392944,0.5208601951599121,,,,,,,,981,,nn,,,model_982.mat,,,,0.06510752439498901,1,,,,,,,,,,,,,10.0,test,,,,,,mixed_10db,0.5176784992218018
0.013820567404745191,,0.833251953125,0.11674804687499996,0.0364627721186036,-0.7812891718608493,0.3093970221078939,0.8263092041015625,7.976083234617511,,0.2011566162109375,0.0428848551837267,0.14413736760616302,,0.381857519436672,0.5232871197733966,0.9115108593241426,0.9612231427994374,0.004562276204427083,0.0041819254557291675,0.0303192138671875,,74.31551109793088,981,,mc_dropout,,,model_982.mat,0.038790595921114564,,,0.06541088997167457,1,,,,,,,,,,,,0.171173095703125,10.0,test,,,,0.27987452503260557,,mixed_10db,0.7932436466217041
0.012340521703603604,,0.9012908935546875,0.048709106445312456,0.037680937168377324,-1.1726242884407847,0.3195995568246429,0.766815185546875,4.708565913660769,,0.3110198974609375,0.04281788939759565,0.1317843496799469,,0.3967604738285672,0.5299032164866679,0.9594417885185597,0.9822271728104621,0.0035980224609375,0.003060913085937502,0.0303192138671875,,14.205069600238343,981,,deep_ensemble,,,model_982.mat,0.06787619896814681,,,0.06623790206083349,1,,,,,,,,,,,,0.204132080078125,10.0,test,,,,0.37121016634127396,,mixed_10db,0.5904302597045898
,,,,,,,,,0,,,0.13694538176059723,,0.37471386790275574,0.5284994840621948,,,,,,3.970466136932373,,981,,residual_map,,,model_982.mat,,,,0.06606243550777435,7,,,,,,1.0,0.0,,,,,,10.0,test,,,,,0.03,mixed_10db,7.567272901535034
0.011051080344684154,,0.9731903076171875,0.023190307617187544,0.03351839308604447,-1.4186684078025504,0.2861260068604154,0.96978759765625,1.912344593926287,0,0.8025970458984375,0.03388253177281549,0.1364278346300125,,0.37355015981781703,0.5276835419000208,0.9098506192042685,0.9659725539964513,0.004643683321774006,0.0026403665542602526,0.0303192138671875,3.9694175720214844,-0.9362977954221101,981,,residual_laplace,,,model_982.mat,0.1496205275179251,,,0.0659604427375026,31,,,,,,5.100558866330929,107.19646911170685,,,,,0.7899017333984375,10.0,test,,,,0.4707890258174382,0.03,mixed_10db,20.837058782577515
0.011061883301700132,0.08300580829381943,0.9867706298828125,0.036770629882812544,0.03390819844617124,-1.5160944693590372,0.26714058979340893,0.821746826171875,0.8191470054346994,2,0.99603271484375,0.035646918397149854,0.11825788766145706,1.8,0.39243442679111507,0.5295501056572703,0.9562150321736731,0.9838705515891533,0.004859346896409988,0.016438961029052734,0.0303192138671875,3.7662320137023926,-1.4524490488848656,981,7.5,neural_bvi,1.0,1.0,model_982.mat,0.3261204497129847,ensemble_calibrated,0.049968719482421875,0.06619376320715879,37,0.0,"[{""label"": ""reference_ensemble_mean"", ""alpha"": null, ""data_rmse"": 0.1317843496799469}, {""label"": ""center"", ""alpha"": 0.0, ""data_rmse"": 0.11825771629810333}, {""label"": ""bvi_alpha_0.025"", ""alpha"": 0.025, ""data_rmse"": 0.11833681911230087}, {""label"": ""bvi_alpha_0.05"", ""alpha"": 0.05, ""data_rmse"": 0.11839460581541061}, {""label"": ""bvi_alpha_0.1"", ""alpha"": 0.1, ""data_rmse"": 0.11850851774215698}, {""label"": ""bvi_alpha_0.2"", ""alpha"": 0.2, ""data_rmse"": 0.11895167827606201}]",physics_line_search,1.7881393432617188e-07,center,,,0.06682819873094559,0.08319398760795593,0.08319398760795593,0.75,0.884735107421875,10.0,test,"[0.0, 0.12470722198486328]","[3.5202062726020813, 3.7662320137023926]","[1.0, 1.0]",0.4291082578418895,0.03,mixed_10db,38.49007201194763
,,,,,,,,,,,,0.2205086648464203,,0.7599653005599976,1.0079635381698608,,,,,,,,364,,nn,,,model_365.mat,,,,0.1259954422712326,1,,,,,,,,,,,,,0.0,test,,,,,,mixed_0db,0.5339667797088623
0.028246157695534884,,0.8948211669921875,0.055178833007812456,0.06623972710088968,0.7859341200247221,0.3942681997906646,0.8464813232421875,7.976083234617511,,0.08245849609375,0.08756647028378209,0.2173517495393753,,0.7547933148805215,1.0021080488808933,0.8842512010238731,0.956467622906117,0.017164103190104165,0.0160186767578125,0.04705810546875,,146.76450622722047,364,,mc_dropout,,,model_365.mat,0.04943130459265563,,,0.12526350611011167,1,,,,,,,,,,,,0.0726318359375,0.0,test,,,,0.34891207282815156,,mixed_0db,0.7566573619842529
0.02275598097013508,,0.910675048828125,0.039324951171874956,0.0653103097991337,0.0068902661368572815,0.4882012907389934,0.72406005859375,4.708565913660769,,0.2066497802734375,0.07953956053273259,0.20228110253810883,,0.7363064153978485,0.9407717351704338,0.9011615513222531,0.9685395971654869,0.012554931640625,0.01104736328125,0.04705810546875,,29.40146653323138,364,,deep_ensemble,,,model_365.mat,0.10368364798145925,,,0.11759646689630422,1,,,,,,,,,,,,0.11541748046875,0.0,test,,,,0.3811881956676052,,mixed_0db,0.5798983573913574
,,,,,,,,,0,,,0.2185569554567337,,0.7678295969963074,1.0152820348739624,,,,,,0.8648529052734375,,364,,residual_map,,,model_365.mat,,,,0.1269102543592453,7,,,,,,1.0,0.0,,,,,,0.0,test,,,,,0.03,mixed_0db,7.520102500915527
0.042196027958485066,,0.8863983154296875,0.06360168457031246,0.07267831412063375,-0.31262631374504246,0.505747040741535,0.88134765625,1.912344593926287,0,0.7031707763671875,0.07441215868044547,0.21980272233486176,,0.7753352089858723,1.0213287020007245,0.8756891951489956,0.9707875129292552,0.01833887305110693,0.02704799175262451,0.04705810546875,0.8653898239135742,1.5442522753724763,364,,residual_laplace,,,model_365.mat,0.2644643869442634,,,0.12766608775009056,31,,,,,,1.8864034320092868,7.742962120204087,,,,,0.6889495849609375,0.0,test,,,,0.01670817639135129,0.03,mixed_0db,20.4667227268219
0.02724353137887237,0.10842849314212799,0.8844451904296875,0.06555480957031246,0.0643345419708467,-0.154522147915527,0.3166968865436002,0.79095458984375,0.8191470054346994,2,0.9182586669921875,0.06443876468575958,0.2022814303636551,1.8,0.7363064155393175,0.9407717340371626,0.8960277193402988,0.9803377995597636,0.015446487814188004,0.03446245193481445,0.04705810546875,0.8378636240959167,-0.4622160527685533,364,7.5,neural_bvi,1.0,1.0,model_365.mat,0.38661788963696153,ensemble_calibrated,0.1676027923822403,0.11759646675464533,37,-1.0,"[{""label"": ""reference_ensemble_mean"", ""alpha"": null, ""data_rmse"": 0.20228110253810883}, {""label"": ""center"", ""alpha"": 0.0, ""data_rmse"": 0.20447005331516266}, {""label"": ""bvi_alpha_0.025"", ""alpha"": 0.025, ""data_rmse"": 0.20442385971546173}, {""label"": ""bvi_alpha_0.05"", ""alpha"": 0.05, ""data_rmse"": 0.20436392724514008}, {""label"": ""bvi_alpha_0.1"", ""alpha"": 0.1, ""data_rmse"": 0.2042606920003891}, {""label"": ""bvi_alpha_0.2"", ""alpha"": 0.2, ""data_rmse"": 0.20385046303272247}]",physics_line_search,2.384185791015625e-07,reference_ensemble_mean,,,0.08510897308588028,0.0986270159482956,0.0986270159482956,0.75,0.865509033203125,0.0,test,"[0.0, 0.04707539081573486]","[0.8977540284395218, 0.8378636240959167]","[1.0, 1.0]",0.3193833324392702,0.03,mixed_0db,37.33665227890015
,,,,,,,,,,,,0.16536062955856323,,0.6761912107467651,0.9667710661888123,,,,,,,,364,,nn,,,model_365.mat,,,,0.12084638327360153,1,,,,,,,,,,,,,5.0,test,,,,,,mixed_5db,0.546088457107544
0.025348994001356477,,0.913726806640625,0.036273193359374956,0.05922579480386059,1.157170491768423,0.3819850839672357,0.89215087890625,7.976083234617511,,0.1004486083984375,0.07736837143740345,0.1649976372718811,,0.6708375617803691,0.9650164597462224,0.8221559819086686,0.9282256555135512,0.01987253824869792,0.019662475585937506,0.04705810546875,,171.83622690469386,364,,mc_dropout,,,model_365.mat,0.04789131113099458,,,0.1206270574682778,1,,,,,,,,,,,,0.089691162109375,5.0,test,,,,0.3743369839630329,,mixed_5db,0.8039286136627197
0.023929226481513875,,0.8965911865234375,0.053408813476562456,0.06025655024722714,-0.07928869057520527,0.4487030551097897,0.715576171875,4.708565913660769,,0.2719879150390625,0.07145596576213392,0.1458795815706253,,0.6611483169158419,0.9156727208540278,0.8394605657789862,0.9347413521755915,0.01596923828125,0.01494140625,0.04705810546875,,29.602650804376307,364,,deep_ensemble,,,model_365.mat,0.0952950566120875,,,0.11445909010675348,1,,,,,,,,,,,,0.1624298095703125,5.0,test,,,,0.2386194437730749,,mixed_5db,0.665229320526123
,,,,,,,,,0,,,0.1594434380531311,,0.6881692409515381,0.9751015305519104,,,,,,1.4827592372894287,,364,,residual_map,,,model_365.mat,,,,0.1218876913189888,7,,,,,,1.0,0.0,,,,,,5.0,test,,,,,0.03,mixed_5db,7.986742973327637
0.04271469568632571,,0.861541748046875,0.08845825195312496,0.06676154452785371,-0.1031800837060523,0.42577793605142567,0.855712890625,1.912344593926287,0,0.6973724365234375,0.06775385418797936,0.16038203239440918,,0.6942759034585446,0.9779186834405104,0.8282814297350978,0.9463898079172275,0.01957948599010706,0.012506604194641112,0.04705810546875,1.4827680587768555,2.789906895922825,364,,residual_laplace,,,model_365.mat,0.22264707812783757,,,0.1222398354300638,31,,,,,,3.0272750835192093,27.282585142374394,,,,,0.689178466796875,5.0,test,,,,-0.021231462482836656,0.03,mixed_5db,20.58481216430664
0.025513942071098222,0.10798659920692444,0.9023284912109375,0.047671508789062456,0.05824421408383191,-0.5240068139687536,0.31375855684394516,0.842071533203125,0.8191470054346994,2,0.928741455078125,0.057998232154345936,0.14587941765785217,1.8,0.6611483175328825,0.9156727224089358,0.8563751694561034,0.9673709279024605,0.01674587558954954,0.019989848136901852,0.04705810546875,1.507539987564087,-0.7069161739057976,364,7.5,neural_bvi,1.0,1.0,model_365.mat,0.3830308293411167,ensemble_calibrated,0.09424997121095657,0.11445909030111698,37,-1.0,"[{""label"": ""reference_ensemble_mean"", ""alpha"": null, ""data_rmse"": 0.1458795815706253}, {""label"": ""center"", ""alpha"": 0.0, ""data_rmse"": 0.14829926192760468}, {""label"": ""bvi_alpha_0.025"", ""alpha"": 0.025, ""data_rmse"": 0.14813292026519775}, {""label"": ""bvi_alpha_0.05"", ""alpha"": 0.05, ""data_rmse"": 0.1478883922100067}, {""label"": ""bvi_alpha_0.1"", ""alpha"": 0.1, ""data_rmse"": 0.14764545857906342}, {""label"": ""bvi_alpha_0.2"", ""alpha"": 0.2, ""data_rmse"": 0.1466362029314041}]",physics_line_search,2.384185791015625e-07,reference_ensemble_mean,,,0.0844259113073349,0.0977119505405426,0.0977119505405426,0.75,0.908966064453125,5.0,test,"[0.0, 0.07759237289428711]","[1.3500796537846327, 1.507539987564087]","[1.0, 1.0]",0.3091327404761842,0.03,mixed_5db,37.28275489807129
,,,,,,,,,,,,0.15183177590370178,,0.6878821849822998,0.9552016258239746,,,,,,,,364,,nn,,,model_365.mat,,,,0.11940020322799683,1,,,,,,,,,,,,,10.0,test,,,,,,mixed_10db,0.5433671474456787
0.026534819021577925,,0.9090118408203125,0.040988159179687456,0.0600606114218415,1.6162826549027922,0.39507594102635013,0.8816070556640625,7.976083234617511,,0.10382080078125,0.07846845618365508,0.14894098043441772,,0.6815227629776625,0.9518140889242527,0.8676267614278789,0.9501623186944798,0.01753116183810764,0.017223103841145837,0.04705810546875,,198.6917655614652,364,,mc_dropout,,,model_365.mat,0.04953257499234004,,,0.11897676111553158,1,,,,,,,,,,,,0.09600830078125,10.0,test,,,,0.3729848034986611,,mixed_10db,0.8171751499176025
0.025205815498699317,,0.86053466796875,0.08946533203124996,0.06108045158581045,0.17520944009383166,0.4262297711424943,0.6750030517578125,4.708565913660769,,0.23974609375,0.07323401743332625,0.12786440551280975,,0.6725218544966992,0.9140222853472292,0.8475033573883339,0.9357786494684208,0.0156787109375,0.01512451171875,0.04705810546875,,36.128024887614124,364,,deep_ensemble,,,model_365.mat,0.09052220547343562,,,0.11425278566840365,1,,,,,,,,,,,,0.1374969482421875,10.0,test,,,,0.2096630824406933,,mixed_10db,0.6442568302154541
,,,,,,,,,0,,,0.14179621636867523,,0.7131574749946594,0.9758128523826599,,,,,,3.706355571746826,,364,,residual_map,,,model_365.mat,,,,0.12197660654783249,7,,,,,,1.0,0.0,,,,,,10.0,test,,,,,0.03,mixed_10db,7.975973606109619
0.042871000317210764,,0.8042144775390625,0.14578552246093746,0.06780199428136607,0.5717124588891708,0.32748728461645393,0.79229736328125,1.912344593926287,0,0.5746307373046875,0.07202909930481202,0.14146298170089722,,0.7180272793777478,0.9769190629101705,0.8640213526616899,0.9482347760849463,0.01749696582555771,0.01425480842590332,0.04705810546875,3.706376314163208,5.940162027559179,364,,residual_laplace,,,model_365.mat,0.17124909694776602,,,0.12211488286377131,31,,,,,,3.613673028458898,83.28380706102998,,,,,0.556610107421875,10.0,test,,,,-0.026800657314917115,0.03,mixed_10db,21.32433009147644
0.02528722369351686,0.10265251994132996,0.896148681640625,0.053851318359374956,0.059041463002693556,-0.46096021102919416,0.3073224095175984,0.834136962890625,0.8191470054346994,2,0.9244384765625,0.058822926516184156,0.12786410748958588,1.8,0.6725218554659644,0.9140222863470632,0.8799534682335487,0.9876025825447433,0.01611874345690012,0.022313714027404785,0.04705810546875,3.436476230621338,-0.6722454752104428,364,7.5,neural_bvi,1.0,1.0,model_365.mat,0.37517369590396127,ensemble_calibrated,0.05300065502524376,0.1142527857933829,37,-1.0,"[{""label"": ""reference_ensemble_mean"", ""alpha"": null, ""data_rmse"": 0.12786440551280975}, {""label"": ""center"", ""alpha"": 0.0, ""data_rmse"": 0.13138628005981445}, {""label"": ""bvi_alpha_0.025"", ""alpha"": 0.025, ""data_rmse"": 0.13107267022132874}, {""label"": ""bvi_alpha_0.05"", ""alpha"": 0.05, ""data_rmse"": 0.13079434633255005}, {""label"": ""bvi_alpha_0.1"", ""alpha"": 0.1, ""data_rmse"": 0.13025735318660736}, {""label"": ""bvi_alpha_0.2"", ""alpha"": 0.2, ""data_rmse"": 0.12892447412014008}]",physics_line_search,1.7881393432617188e-07,reference_ensemble_mean,,,0.08214932680130005,0.09570758044719696,0.09570758044719696,0.75,0.8961334228515625,10.0,test,"[0.0, 0.0]","[3.166944056749344, 3.436476230621338]","[1.0, 0.0]",0.2990459655752457,0.03,mixed_10db,37.66094422340393
,,,,,,,,,,,,0.16493827104568481,,0.4343850016593933,0.8685225248336792,,,,,,,,244,,nn,,,model_245.mat,,,,0.1085653156042099,1,,,,,,,,,,,,,0.0,test,,,,,,mixed_0db,0.564079999923706
0.022513272311569552,,0.9663543701171875,0.016354370117187544,0.0439117695907677,5.231641217724065,0.3469577194543033,0.9251556396484375,7.976083234617511,,0.3482208251953125,0.048824706628554045,0.1644844263792038,,0.4307942053644638,0.8641400141252908,0.28688620513757723,0.7485904125480787,0.021909552680121527,0.021751912434895833,0.02001953125,,435.74167426629873,244,,mc_dropout,,,model_245.mat,0.04349976162641815,,,0.10801750176566136,1,,,,,,,,,,,,0.3248291015625,0.0,test,,,,0.22693956379555472,,mixed_0db,0.8077166080474854
0.024052645104108792,,0.974456787109375,0.024456787109375044,0.045781638276424494,7.585736032049283,0.42538654794698005,0.925018310546875,4.708565913660769,,0.537200927734375,0.046087765102221845,0.16059620678424835,,0.4369021419244973,0.8617378974731652,0.3033666812807306,0.7679455390318337,0.0200335693359375,0.0191436767578125,0.02001953125,,198.14471384975678,244,,deep_ensemble,,,model_245.mat,0.09034312267314595,,,0.10771723718414565,1,,,,,,,,,,,,0.4014892578125,0.0,test,,,,0.32171393494620604,,mixed_0db,0.5936875343322754
,,,,,,,,,0,,,0.16392521560192108,,0.4349096417427063,0.8686894178390503,,,,,,0.7700680494308472,,244,,residual_map,,,model_245.mat,,,,0.10858617722988129,7,,,,,,1.0,0.0,,,,,,0.0,test,,,,,0.03,mixed_0db,7.8980138301849365
0.029019284822705188,,0.9620513916015625,0.012051391601562544,0.05402912381354077,-0.8067336154737332,0.5352826909449129,0.9593963623046875,1.912344593926287,0,0.865081787109375,0.046724764570891905,0.16906620562076569,,0.4456350353105192,0.8654006739226241,0.2781198475895987,0.8017066446457977,0.02554214373230934,0.04193282127380371,0.02001953125,0.7700961232185364,-0.4196675329593058,244,,residual_laplace,,,model_245.mat,0.2799091193897484,,,0.10817508424032801,31,,,,,,1.6157574065286846,4.170361695468884,,,,,0.859466552734375,0.0,test,,,,-0.044012834431357895,0.03,mixed_0db,21.028019666671753
0.023813859336216683,0.10207090526819229,0.9588165283203125,0.008816528320312544,0.04444427624231836,-0.660022141797718,0.31305727792339544,0.8454132080078125,0.8191470054346994,2,0.96649169921875,0.04562140484653424,0.1602412313222885,1.8,0.44056997779201623,0.8580476568807399,0.3407566597960582,0.8748472559741363,0.023182451725006104,0.03921627998352051,0.02001953125,0.9159147143363953,-0.8025045991480271,244,7.5,neural_bvi,1.0,1.0,model_245.mat,0.38217472058908925,ensemble_calibrated,0.13351094722747803,0.10725595711009249,37,0.0,"[{""label"": ""reference_ensemble_mean"", ""alpha"": null, ""data_rmse"": 0.16059620678424835}, {""label"": ""center"", ""alpha"": 0.0, ""data_rmse"": 0.1602412611246109}, {""label"": ""bvi_alpha_0.025"", ""alpha"": 0.025, ""data_rmse"": 0.16024599969387054}, {""label"": ""bvi_alpha_0.05"", ""alpha"": 0.05, ""data_rmse"": 0.16024664044380188}, {""label"": ""bvi_alpha_0.1"", ""alpha"": 0.1, ""data_rmse"": 0.16024671494960785}, {""label"": ""bvi_alpha_0.2"", ""alpha"": 0.2, ""data_rmse"": 0.1602764129638672}]",physics_line_search,1.7881393432617188e-07,center,,,0.0850493311882019,0.09749355912208557,0.09749355912208557,0.75,0.8964385986328125,0.0,test,"[0.0, 0.0]","[0.8868908286094666, 0.9159147143363953]","[1.0, 0.0]",0.09865534676400982,0.03,mixed_0db,37.43716549873352
,,,,,,,,,,,,0.12454043328762054,,0.4268798828125,0.8638625144958496,,,,,,,,244,,nn,,,model_245.mat,,,,0.1079828143119812,1,,,,,,,,,,,,,5.0,test,,,,,,mixed_5db,0.5278465747833252
0.0220539774429542,,0.9622650146484375,0.012265014648437544,0.04332462671992542,4.196219137746864,0.33611349249082756,0.927734375,7.976083234617511,,0.3750762939453125,0.04824455079096185,0.12315090000629425,,0.4244167932530407,0.8600836728362663,0.2937795818373017,0.7516137782243854,0.021484256320529513,0.021381123860677084,0.02001953125,,371.60697720600666,244,,mc_dropout,,,model_245.mat,0.04214016861338589,,,0.10751045910453329,1,,,,,,,,,,,,0.3506317138671875,5.0,test,,,,0.20404481691861248,,mixed_5db,0.7937572002410889
0.0229510848061314,,0.9775848388671875,0.027584838867187544,0.046361878232885304,4.995572260325226,0.4410168105045408,0.9366912841796875,4.708565913660769,,0.560028076171875,0.0464689100751491,0.11355134099721909,,0.441662590695978,0.86972923985433,0.2997456110438824,0.766714798747448,0.020245361328125,0.019818115234375,0.02001953125,,139.53776621392785,244,,deep_ensemble,,,model_245.mat,0.09366266049071933,,,0.10871615498179125,1,,,,,,,,,,,,0.3998870849609375,5.0,test,,,,0.3456864653244854,,mixed_5db,0.6144185066223145
,,,,,,,,,0,,,0.11766558140516281,,0.434722363948822,0.8666380643844604,,,,,,1.2948780059814453,,244,,residual_map,,,model_245.mat,,,,0.10832975804805756,7,,,,,,1.0,0.0,,,,,,5.0,test,,,,,0.03,mixed_5db,8.058727264404297
0.030028050149006995,,0.94757080078125,0.0024291992187499556,0.05173365228285852,-0.8235983174290175,0.4735082522871955,0.9436798095703125,1.912344593926287,0,0.8377838134765625,0.04604614515757864,0.12351612746715546,,0.43156994907370727,0.8589681203988551,0.31233846806358273,0.8212203362924885,0.022452013567090034,0.02543067932128906,0.02001953125,1.294891595840454,-0.1494702542909998,244,,residual_laplace,,,model_245.mat,0.24760613414579166,,,0.10737101504985688,31,,,,,,2.8152338825923477,14.462961830885313,,,,,0.83233642578125,5.0,test,,,,-0.08722213395211574,0.03,mixed_5db,21.622674226760864
0.025047131545483294,0.09722548723220825,0.9483642578125,0.0016357421874999556,0.04496197808905861,-0.6419868656972687,0.3059458654834689,0.8441009521484375,0.8191470054346994,2,0.9665985107421875,0.04613871887522285,0.11335107684135437,1.8,0.4455934115621787,0.8659646841406798,0.32214198128119076,0.851209267943296,0.023720967583358288,0.040120482444763184,0.02001953125,1.502395510673523,-0.7981268457593458,244,7.5,neural_bvi,1.0,1.0,model_245.mat,0.37349323558976033,ensemble_calibrated,0.07507871091365814,0.10824558551758498,37,0.0,"[{""label"": ""reference_ensemble_mean"", ""alpha"": null, ""data_rmse"": 0.11355134099721909}, {""label"": ""center"", ""alpha"": 0.0, ""data_rmse"": 0.11335107684135437}, {""label"": ""bvi_alpha_0.025"", ""alpha"": 0.025, ""data_rmse"": 0.1133650466799736}, {""label"": ""bvi_alpha_0.05"", ""alpha"": 0.05, ""data_rmse"": 0.11338052898645401}, {""label"": ""bvi_alpha_0.1"", ""alpha"": 0.1, ""data_rmse"": 0.11340104043483734}, {""label"": ""bvi_alpha_0.2"", ""alpha"": 0.2, ""data_rmse"": 0.11346012353897095}]",physics_line_search,1.7881393432617188e-07,center,,,0.08235380053520203,0.09527888894081116,0.09527888894081116,0.75,0.8992462158203125,5.0,test,"[0.0, 0.06978321075439453]","[1.375024225562811, 1.502395510673523]","[1.0, 1.0]",0.03351886407851511,0.03,mixed_5db,37.76307916641235
,,,,,,,,,,,,0.10575205087661743,,0.4366682171821594,0.8713440895080566,,,,,,,,244,,nn,,,model_245.mat,,,,0.10891801118850708,1,,,,,,,,,,,,,10.0,test,,,,,,mixed_10db,0.5454072952270508
0.02234469974471446,,0.961151123046875,0.011151123046875044,0.043884740310453946,4.626543241497436,0.32543767398266366,0.942626953125,7.976083234617511,,0.33209228515625,0.04991460661774103,0.10425178706645966,,0.43766726821533364,0.8686464611485747,0.29308433125365535,0.7512473551506466,0.021627044677734374,0.02144419352213542,0.02001953125,,400.9327208083903,244,,mc_dropout,,,model_245.mat,0.040801689809005504,,,0.10858080764357184,1,,,,,,,,,,,,0.3059844970703125,10.0,test,,,,0.207801119139052,,mixed_10db,0.7759766578674316
0.023885838055975595,,0.97674560546875,0.026745605468750044,0.04653568997715651,4.6115675314657665,0.4359777844742499,0.9248809814453125,4.708565913660769,,0.55731201171875,0.046817204807753116,0.09396417438983917,,0.4442099175272233,0.8712581896656701,0.30481017594618576,0.7661375448886215,0.0202203369140625,0.019833374023437503,0.02001953125,,131.1177656950181,244,,deep_ensemble,,,model_245.mat,0.09259247774799595,,,0.10890727370820877,1,,,,,,,,,,,,0.3935699462890625,10.0,test,,,,0.3383669855436052,,mixed_10db,0.6213104724884033
,,,,,,,,,0,,,0.09882909059524536,,0.4490067958831787,0.8762410879135132,,,,,,2.8945281505584717,,244,,residual_map,,,model_245.mat,,,,0.10953013598918915,7,,,,,,1.0,0.0,,,,,,10.0,test,,,,,0.03,mixed_10db,8.062660217285156
0.029509734106958858,,0.9246673583984375,0.025332641601562456,0.050851574402787626,-0.7726827366194209,0.4124194497905178,0.9169769287109375,1.912344593926287,0,0.8014068603515625,0.04720857838245972,0.10313888639211655,,0.4545633197665886,0.8747146656533986,0.29856759682634443,0.7837353644390214,0.02247168216854334,0.018997788429260254,0.02001953125,2.894526481628418,0.4347296868997783,244,,residual_laplace,,,model_245.mat,0.21566168111557227,,,0.10933933320667483,31,,,,,,3.325593551413628,34.56213676498378,,,,,0.7979888916015625,10.0,test,,,,-0.025937293138852284,0.03,mixed_10db,21.52083921432495
0.024705025064650506,0.09203028678894043,0.9464263916015625,0.0035736083984374556,0.044833058487057514,-0.609379420488404,0.29189908499310324,0.833648681640625,0.8191470054346994,2,0.9666748046875,0.04568519504432961,0.09383692592382431,1.8,0.4475466619161681,0.8671367059173222,0.31905928543655776,0.8398745171719865,0.023116953670978546,0.03412985801696777,0.02001953125,2.762789249420166,-0.7903576200835762,244,7.5,neural_bvi,1.0,1.0,model_245.mat,0.35634517743027116,ensemble_calibrated,0.0422198586165905,0.10839208823966527,37,0.05,"[{""label"": ""reference_ensemble_mean"", ""alpha"": null, ""data_rmse"": 0.09396417438983917}, {""label"": ""center"", ""alpha"": 0.0, ""data_rmse"": 0.0938970148563385}, {""label"": ""bvi_alpha_0.025"", ""alpha"": 0.025, ""data_rmse"": 0.0938660204410553}, {""label"": ""bvi_alpha_0.05"", ""alpha"": 0.05, ""data_rmse"": 0.09383704513311386}, {""label"": ""bvi_alpha_0.1"", ""alpha"": 0.1, ""data_rmse"": 0.09379599988460541}, {""label"": ""bvi_alpha_0.2"", ""alpha"": 0.2, ""data_rmse"": 0.09369437396526337}]",physics_line_search,1.7881393432617188e-07,bvi_alpha_0.05,,,0.0772407278418541,0.09090438485145569,0.09090438485145569,0.75,0.9025115966796875,10.0,test,"[0.0, 0.0]","[2.935640012845397, 2.762789249420166]","[1.0, 0.0]",0.03638228555690687,0.03,mixed_10db,37.750089168548584
,,,,,,,,,,,,0.23967772722244263,,0.3432305157184601,0.48003634810447693,,,,,,,,429,,nn,,,model_430.mat,,,,0.060004543513059616,1,,,,,,,,,,,,,0.0,test,,,,,,mixed_0db,0.4955098628997803
0.016261773992832653,,0.958282470703125,0.008282470703125044,0.03322956266493731,-1.3696534873981254,0.3063072791760584,0.9439544677734375,7.976083234617511,,0.278472900390625,0.038567354366469526,0.23970292508602142,,0.3456536506130684,0.48129055934646664,0.8445066428761877,0.9421718092297832,0.0024532911512586807,0.002313741048177083,0.0069427490234375,,22.123426393972288,429,,mc_dropout,,,model_430.mat,0.03840321999844947,,,0.06016131991830833,1,,,,,,,,,,,,0.2512054443359375,0.0,test,,,,0.1281526084411454,,mixed_0db,0.8376898765563965
0.012101270134653848,,0.9793243408203125,0.029324340820312544,0.03513840916249681,-1.3688037285558967,0.3571927549752191,0.8910064697265625,4.708565913660769,,0.4604644775390625,0.03836974391088461,0.2348218709230423,,0.3693297581498882,0.5055686988202538,0.8740194434892156,0.9608670243725022,0.0020605468750000003,0.0017211914062500002,0.0069427490234375,,3.406000413180823,429,,deep_ensemble,,,model_430.mat,0.07586020064493815,,,0.06319608735253172,1,,,,,,,,,,,,0.3114013671875,0.0,test,,,,0.39240391633716365,,mixed_0db,0.6092731952667236
,,,,,,,,,0,,,0.2393544763326645,,0.3456973433494568,0.48172110319137573,,,,,,0.7720344066619873,,429,,residual_map,,,model_430.mat,,,,0.06021513789892197,7,,,,,,1.0,0.0,,,,,,0.0,test,,,,,0.03,mixed_0db,7.610967397689819
0.017468372864814438,,0.991180419921875,0.041180419921875044,0.04123573538621588,-1.0861876259923222,0.5179136652400123,0.990325927734375,1.912344593926287,0,0.9381561279296875,0.03337604732014818,0.24158766865730286,,0.3413784707039964,0.47913600454786026,0.7853646643746995,0.9518694117609315,0.007616051472723484,0.0340195894241333,0.0069427490234375,0.7722544074058533,-1.3341756005126273,429,,residual_laplace,,,model_430.mat,0.27082653791839306,,,0.05989200056848253,31,,,,,,1.667158895541429,6.929992063538621,,,,,0.9306793212890625,0.0,test,,,,0.10399759178412034,0.03,mixed_0db,21.034995317459106
0.016968802155472067,0.0838322639465332,0.9723968505859375,0.022396850585937544,0.03433982384888639,-1.39676691503725,0.2869822508063451,0.8693084716796875,0.8191470054346994,2,0.9927825927734375,0.03484782455814037,0.23482182621955872,1.8,0.36932975868234497,0.5055686980793841,0.8842902653438439,0.987820384774949,0.004302234388887882,0.025315165519714355,0.0069427490234375,1.0046768188476562,-1.3295956059501193,429,7.5,neural_bvi,1.0,1.0,model_430.mat,0.35034279427543197,ensemble_calibrated,0.19330967962741852,0.06319608725992301,37,-1.0,"[{""label"": ""reference_ensemble_mean"", ""alpha"": null, ""data_rmse"": 0.2348218709230423}, {""label"": ""center"", ""alpha"": 0.0, ""data_rmse"": 0.23519349098205566}, {""label"": ""bvi_alpha_0.025"", ""alpha"": 0.025, ""data_rmse"": 0.23516163229942322}, {""label"": ""bvi_alpha_0.05"", ""alpha"": 0.05, ""data_rmse"": 0.2351818084716797}, {""label"": ""bvi_alpha_0.1"", ""alpha"": 0.1, ""data_rmse"": 0.23518669605255127}, {""label"": ""bvi_alpha_0.2"", ""alpha"": 0.2, ""data_rmse"": 0.23519088327884674}]",physics_line_search,1.1920928955078125e-07,reference_ensemble_mean,,,0.07488855719566345,0.0893731564283371,0.0893731564283371,0.75,0.9344024658203125,0.0,test,"[0.0, 0.0]","[0.897144946269691, 1.0046768188476562]","[1.0, 0.0]",0.17165367560813208,0.03,mixed_0db,37.248616456985474
,,,,,,,,,,,,0.18172715604305267,,0.35290980339050293,0.5002595782279968,,,,,,,,429,,nn,,,model_430.mat,,,,0.0625324472784996,1,,,,,,,,,,,,,5.0,test,,,,,,mixed_5db,0.47735595703125
0.021297972712961064,,0.923431396484375,0.026568603515624956,0.035477482004510306,-1.2667982333760994,0.3055893562916875,0.9059600830078125,7.976083234617511,,0.3081512451171875,0.03994865005499841,0.18151244521141052,,0.3559088498458626,0.506050143509311,0.8455895571868733,0.9398912361282331,0.002270236545138889,0.0019917805989583333,0.0069427490234375,,29.99785469876894,429,,mc_dropout,,,model_430.mat,0.03831321053271031,,,0.06325626793866387,1,,,,,,,,,,,,0.2867889404296875,5.0,test,,,,0.032913703637114426,,mixed_5db,0.7507266998291016
0.011707253323114779,,0.9786376953125,0.028637695312500044,0.03461102836056408,-1.3837846186135265,0.3564909711534683,0.8903656005859375,4.708565913660769,,0.472900390625,0.03725301704400067,0.17374935746192932,,0.3601081264017466,0.5014582666910445,0.8897704642819197,0.9675150037037531,0.001873779296875,0.001434326171875,0.0069427490234375,,3.536700961984631,429,,deep_ensemble,,,model_430.mat,0.07571115657546884,,,0.06268228333638057,1,,,,,,,,,,,,0.318328857421875,5.0,test,,,,0.3942683082835346,,mixed_5db,0.5605840682983398
,,,,,,,,,0,,,0.1793573945760727,,0.3602832853794098,0.5116034150123596,,,,,,1.403183102607727,,429,,residual_map,,,model_430.mat,,,,0.06395042687654495,7,,,,,,1.0,0.0,,,,,,5.0,test,,,,,0.03,mixed_5db,7.463143587112427
0.018510041414411132,,0.975189208984375,0.025189208984375044,0.04007791650188687,-1.1438162485721306,0.45536633728376014,0.97381591796875,1.912344593926287,0,0.901458740234375,0.03465472567398873,0.1807653158903122,,0.3590284099211001,0.5104814364777566,0.8107005655724363,0.9596182677512097,0.006174865178763866,0.025862574577331543,0.0069427490234375,1.403200387954712,-1.191189092104321,429,,residual_laplace,,,model_430.mat,0.23811939486607225,,,0.06381017955971957,31,,,,,,2.0981604450792237,20.04410166222082,,,,,0.8928375244140625,5.0,test,,,,0.13758144500692054,0.03,mixed_5db,20.891117095947266
0.018038632231008163,0.08936958014965057,0.9823455810546875,0.032345581054687544,0.03437038283538633,-1.393992571410978,0.2995701869194337,0.864990234375,0.8191470054346994,2,0.997344970703125,0.035346364424649626,0.17374932765960693,1.8,0.3601081261905499,0.5014582663789257,0.8963429772665846,0.980583587215323,0.0055952295660972595,0.0345914363861084,0.0069427490234375,1.6108810901641846,-1.3165400310512945,429,7.5,neural_bvi,1.0,1.0,model_430.mat,0.365709921335133,ensemble_calibrated,0.10870601236820221,0.0626822832973657,37,-1.0,"[{""label"": ""reference_ensemble_mean"", ""alpha"": null, ""data_rmse"": 0.17374935746192932}, {""label"": ""center"", ""alpha"": 0.0, ""data_rmse"": 0.17416682839393616}, {""label"": ""bvi_alpha_0.025"", ""alpha"": 0.025, ""data_rmse"": 0.17417269945144653}, {""label"": ""bvi_alpha_0.05"", ""alpha"": 0.05, ""data_rmse"": 0.1741393804550171}, {""label"": ""bvi_alpha_0.1"", ""alpha"": 0.1, ""data_rmse"": 0.17409758269786835}, {""label"": ""bvi_alpha_0.2"", ""alpha"": 0.2, ""data_rmse"": 0.17411823570728302}]",physics_line_search,1.7881393432617188e-07,reference_ensemble_mean,,,0.079374298453331,0.09329334646463394,0.09329334646463394,0.75,0.9350738525390625,5.0,test,"[0.0, 0.0]","[1.5087973661720753, 1.6108810901641846]","[1.0, 0.0]",0.08477982192744374,0.03,mixed_5db,37.46658658981323
,,,,,,,,,,,,0.15614540874958038,,0.3522917926311493,0.5017249584197998,,,,,,,,429,,nn,,,model_430.mat,,,,0.06271561980247498,1,,,,,,,,,,,,,10.0,test,,,,,,mixed_10db,0.5596103668212891
0.018312054895964346,,0.9443359375,0.005664062499999956,0.03489385951362366,-1.3451883250474812,0.31006270244110956,0.9200439453125,7.976083234617511,,0.3115234375,0.03968422233734442,0.15557432174682617,,0.3541665406599501,0.5031308999705715,0.8410483701539379,0.9387729340157852,0.002438710530598958,0.0022364298502604175,0.0069427490234375,,23.555999332562884,429,,mc_dropout,,,model_430.mat,0.03887405550933104,,,0.06289136249632143,1,,,,,,,,,,,,0.276580810546875,10.0,test,,,,0.048312592542991514,,mixed_10db,0.7696330547332764
0.012183922875734332,,0.9801483154296875,0.030148315429687544,0.0351694150639182,-1.3694076783179565,0.35861071385939686,0.890655517578125,4.708565913660769,,0.4651641845703125,0.03811321486774205,0.1485643982887268,,0.36768005041449214,0.5109788125532825,0.881690008185492,0.9652742457370537,0.001998291015625,0.0016235351562499997,0.0069427490234375,,3.5765319177886554,429,,deep_ensemble,,,model_430.mat,0.07616134516435763,,,0.06387235156916031,1,,,,,,,,,,,,0.3173065185546875,10.0,test,,,,0.38171427783628337,,mixed_10db,0.6208086013793945
,,,,,,,,,0,,,0.1537114530801773,,0.358609139919281,0.5146892070770264,,,,,,3.21854829788208,,429,,residual_map,,,model_430.mat,,,,0.0643361508846283,7,,,,,,1.0,0.0,,,,,,10.0,test,,,,,0.03,mixed_10db,7.988592624664307
0.019750443387025543,,0.946685791015625,0.0033142089843749556,0.03680878730614076,-1.2398731209298686,0.33200378042219136,0.9438018798828125,1.912344593926287,0,0.8090972900390625,0.03536469541928206,0.15485678613185883,,0.36409402113957867,0.5231178351149446,0.8173417584528104,0.9503697758887446,0.0038453014567494392,0.012946486473083496,0.0069427490234375,3.211285352706909,-0.7129804390751182,429,,residual_laplace,,,model_430.mat,0.17361085513235686,,,0.06538972938936807,31,,,,,,3.883359199669535,73.92477027863329,,,,,0.8032684326171875,10.0,test,,,,0.10581678437437292,0.03,mixed_10db,20.683406114578247
0.018869567539846054,0.08450832962989807,0.9681396484375,0.018139648437500044,0.03470346550774345,-1.3842430687625344,0.2862051480591846,0.8396453857421875,0.8191470054346994,2,0.98822021484375,0.03551541671715275,0.1485644429922104,1.8,0.36768005155054073,0.5109788132202329,0.8846785379976537,0.9869714511299613,0.0047345636412501335,0.026749253273010254,0.0069427490234375,3.348710060119629,-1.3233476061459366,429,7.5,neural_bvi,1.0,1.0,model_430.mat,0.34939412115326374,ensemble_calibrated,0.06112988293170929,0.06387235165252911,37,-1.0,"[{""label"": ""reference_ensemble_mean"", ""alpha"": null, ""data_rmse"": 0.1485643982887268}, {""label"": ""center"", ""alpha"": 0.0, ""data_rmse"": 0.14879299700260162}, {""label"": ""bvi_alpha_0.025"", ""alpha"": 0.025, ""data_rmse"": 0.14879164099693298}, {""label"": ""bvi_alpha_0.05"", ""alpha"": 0.05, ""data_rmse"": 0.14875531196594238}, {""label"": ""bvi_alpha_0.1"", ""alpha"": 0.1, ""data_rmse"": 0.14871735870838165}, {""label"": ""bvi_alpha_0.2"", ""alpha"": 0.2, ""data_rmse"": 0.14866700768470764}]",physics_line_search,1.1920928955078125e-07,reference_ensemble_mean,,,0.0744207352399826,0.08913115411996841,0.08913115411996841,0.75,0.8983154296875,10.0,test,"[0.0, 0.17948293685913086]","[3.3399799149483442, 3.348710060119629]","[1.0, 1.0]",0.09207621141079264,0.03,mixed_10db,36.660608768463135
,,,,,,,,,,,,0.11372967064380646,,0.5446794033050537,0.7180469632148743,,,,,,,,285,,nn,,,model_286.mat,,,,0.08975587040185928,1,,,,,,,,,,,,,0.0,test,,,,,,mixed_0db,0.5131025314331055
0.030004244011428018,,0.9026947021484375,0.047305297851562456,0.05002134085546462,-0.9079494644489441,0.3243991063402891,0.8693389892578125,7.976083234617511,,0.2154693603515625,0.06298484252258849,0.11359187960624695,,0.5447040631698428,0.7191883621008279,0.500713199579344,0.8480756975002157,0.0026778835720486114,0.0026357014973958336,0.00238037109375,,42.194437050685494,285,,mc_dropout,,,model_286.mat,0.04067147957679254,,,0.08989854526260349,1,,,,,,,,,,,,0.200225830078125,0.0,test,,,,0.09602371626504703,,mixed_0db,0.799060583114624
0.03744825620944514,,0.89691162109375,0.053088378906249956,0.04914632606796791,-0.0894701804972452,0.3802075475974117,0.805877685546875,4.708565913660769,,0.4574127197265625,0.05418658731022333,0.11260315030813217,,0.49853655451533996,0.6646608193340474,0.6348026040729591,0.9187693641119765,0.0019970703125,0.001800537109375,0.00238037109375,,28.72593418521728,285,,deep_ensemble,,,model_286.mat,0.08074805674726061,,,0.08308260241675593,1,,,,,,,,,,,,0.31793212890625,0.0,test,,,,-0.10207666408721852,,mixed_0db,0.6306111812591553
,,,,,,,,,0,,,0.11378734558820724,,0.5465019941329956,0.7190502285957336,,,,,,0.5930398106575012,,285,,residual_map,,,model_286.mat,,,,0.0898812785744667,7,,,,,,1.0,0.0,,,,,,0.0,test,,,,,0.03,mixed_0db,7.656739234924316
0.03524145451186026,,0.9514617919921875,0.0014617919921875444,0.05563329951483778,-0.7809734370967956,0.566737580148829,0.947052001953125,1.912344593926287,0,0.8326873779296875,0.051083116847007184,0.1137607991695404,,0.5377572669082618,0.7078634861306384,0.37650126826715447,0.9782268454243829,0.009085837751626968,0.03677034378051758,0.00238037109375,0.5930397510528564,-0.5075639261055926,285,,residual_laplace,,,model_286.mat,0.29635745691409293,,,0.0884829357663298,31,,,,,,1.5314587470752523,1.0408808625506583,,,,,0.8261260986328125,0.0,test,,,,-0.010257412339542395,0.03,mixed_0db,20.978875160217285
0.03579267058017189,0.09000740200281143,0.9242095947265625,0.025790405273437456,0.04581473908558839,-1.037740196991762,0.3191616148581026,0.868988037109375,0.8191470054346994,2,0.9648590087890625,0.04629055617616501,0.11247853934764862,1.8,0.4869917570212863,0.6552763476699063,0.6148203112127987,0.9869115270881866,0.005626332014799118,0.03134298324584961,0.00238037109375,0.7244477272033691,-1.0261745261566342,285,7.5,neural_bvi,1.0,1.0,model_286.mat,0.3896267858401461,ensemble_calibrated,0.10496405512094498,0.08190954345873828,37,0.0,"[{""label"": ""reference_ensemble_mean"", ""alpha"": null, ""data_rmse"": 0.11260315030813217}, {""label"": ""center"", ""alpha"": 0.0, ""data_rmse"": 0.11247853934764862}, {""label"": ""bvi_alpha_0.025"", ""alpha"": 0.025, ""data_rmse"": 0.11248067021369934}, {""label"": ""bvi_alpha_0.05"", ""alpha"": 0.05, ""data_rmse"": 0.11248285323381424}, {""label"": ""bvi_alpha_0.1"", ""alpha"": 0.1, ""data_rmse"": 0.11248674243688583}, {""label"": ""bvi_alpha_0.2"", ""alpha"": 0.2, ""data_rmse"": 0.11249294131994247}]",physics_line_search,1.1920928955078125e-07,center,,,0.08617664873600006,0.09939458966255188,0.09939458966255188,0.75,0.93414306640625,0.0,test,"[0.0, 0.0]","[0.76580028841272, 0.7244477272033691]","[1.0, 0.0]",-0.179404293463535,0.03,mixed_0db,35.040587425231934
,,,,,,,,,,,,0.07519381493330002,,0.4753209352493286,0.6258658170700073,,,,,,,,285,,nn,,,model_286.mat,,,,0.07823322713375092,1,,,,,,,,,,,,,5.0,test,,,,,,mixed_5db,0.5273463726043701
0.028251208630267165,,0.94384765625,0.006152343749999956,0.04391495494753639,-1.0013537326939028,0.33507247300320187,0.926361083984375,7.976083234617511,,0.2420196533203125,0.05404455708895357,0.07498299330472946,,0.4747781927271944,0.6271019852833133,0.6961981263655369,0.9478513679396977,0.001856231689453125,0.001828511555989584,0.00238037109375,,33.851086221068925,285,,mc_dropout,,,model_286.mat,0.04200965099657108,,,0.07838774816041416,1,,,,,,,,,,,,0.220947265625,5.0,test,,,,0.12191183091920396,,mixed_5db,0.7916285991668701
0.03673448315415063,,0.887420654296875,0.06257934570312496,0.04582594445847993,-0.46782987785900787,0.3585589725080408,0.787078857421875,4.708565913660769,,0.4978179931640625,0.049322643219711616,0.07210862636566162,,0.45209988939568574,0.6090403221911237,0.7668280942444523,0.9480412833062726,0.0014367675781250002,0.0013183593749999997,0.00238037109375,,21.84148772091325,285,,deep_ensemble,,,model_286.mat,0.07615035640432478,,,0.07613004027389046,1,,,,,,,,,,,,0.34814453125,5.0,test,,,,-0.138354510929815,,mixed_5db,0.5698533058166504
,,,,,,,,,0,,,0.07517653703689575,,0.47580379247665405,0.6264136433601379,,,,,,0.8187302947044373,,285,,residual_map,,,model_286.mat,,,,0.07830170542001724,7,,,,,,1.0,0.0,,,,,,5.0,test,,,,,0.03,mixed_5db,7.5099873542785645
0.025499871902653255,,0.983856201171875,0.033856201171875044,0.04876678028223062,-0.9325210885048237,0.537126088258873,0.98138427734375,1.912344593926287,0,0.8655242919921875,0.04341375521237603,0.07516637444496155,,0.47158493542316293,0.6165067760534236,0.5846700825140175,0.9878222776509714,0.008205849677324295,0.03551077842712402,0.00238037109375,0.8187193274497986,-0.9363855973961921,285,,residual_laplace,,,model_286.mat,0.2808730656127913,,,0.07706334700667795,31,,,,,,1.493159494033157,3.2073618566209703,,,,,0.8602752685546875,5.0,test,,,,0.12856672850313847,0.03,mixed_5db,21.045113801956177
0.033567434660887664,0.08660327643156052,0.937713623046875,0.012286376953124956,0.04220113602928202,-1.0980188625866245,0.3129504568481801,0.8910980224609375,0.8191470054346994,2,0.96087646484375,0.04333665869791117,0.07184985280036926,1.8,0.44304152747072933,0.6026593682357788,0.677665247266883,0.9887114580637064,0.006385635584592819,0.03749227523803711,0.00238037109375,0.9176946878433228,-1.0737194505289156,285,7.5,neural_bvi,1.0,1.0,model_286.mat,0.3820443153327597,ensemble_calibrated,0.05902562662959099,0.07533242102947235,37,0.0,"[{""label"": ""reference_ensemble_mean"", ""alpha"": null, ""data_rmse"": 0.07210862636566162}, {""label"": ""center"", ""alpha"": 0.0, ""data_rmse"": 0.07184986025094986}, {""label"": ""bvi_alpha_0.025"", ""alpha"": 0.025, ""data_rmse"": 0.07185608893632889}, {""label"": ""bvi_alpha_0.05"", ""alpha"": 0.05, ""data_rmse"": 0.0718628391623497}, {""label"": ""bvi_alpha_0.1"", ""alpha"": 0.1, ""data_rmse"": 0.0718778520822525}, {""label"": ""bvi_alpha_0.2"", ""alpha"": 0.2, ""data_rmse"": 0.07191034406423569}]",physics_line_search,1.1920928955078125e-07,center,,,0.08395302295684814,0.09746028482913971,0.09746028482913971,0.75,0.938934326171875,5.0,test,"[0.0, 0.0]","[1.0015359786339104, 0.9176946878433228]","[1.0, 0.0]",-0.058595840478204736,0.03,mixed_5db,35.62557649612427
,,,,,,,,,,,,0.057268280535936356,,0.47209346294403076,0.6368179321289062,,,,,,,,285,,nn,,,model_286.mat,,,,0.07960224151611328,1,,,,,,,,,,,,,10.0,test,,,,,,mixed_10db,0.5471694469451904
0.02715836393369609,,0.936920166015625,0.013079833984374956,0.04410417165366867,-0.9861144129595242,0.32856999533233344,0.915191650390625,7.976083234617511,,0.2657012939453125,0.053995923178226615,0.05716634914278984,,0.4735023266953552,0.6374886474723608,0.6223383304006365,0.9252914421410139,0.0019351704915364584,0.0017735799153645838,0.00238037109375,,36.70830791046618,285,,mc_dropout,,,model_286.mat,0.04119440400902269,,,0.0796860809340451,1,,,,,,,,,,,,0.2300262451171875,10.0,test,,,,0.18654470033911147,,mixed_10db,0.7659835815429688
0.03550524032761192,,0.892364501953125,0.057635498046874956,0.04568181296196505,-0.4078499870085561,0.3571289589919492,0.781097412109375,4.708565913660769,,0.4997711181640625,0.04930836435999481,0.05298471823334694,,0.45055112979844125,0.6147388991562431,0.7465316607850426,0.9479600030590395,0.0015325927734375,0.0013458251953124996,0.00238037109375,,23.301536092383255,285,,deep_ensemble,,,model_286.mat,0.07584665171736568,,,0.07684236239453039,1,,,,,,,,,,,,0.372283935546875,10.0,test,,,,-0.07010843105437232,,mixed_10db,0.5715787410736084
,,,,,,,,,0,,,0.05680792033672333,,0.47444015741348267,0.6385430097579956,,,,,,1.498441457748413,,285,,residual_map,,,model_286.mat,,,,0.07981787621974945,7,,,,,,1.0,0.0,,,,,,10.0,test,,,,,0.03,mixed_10db,7.49470591545105
0.026902975640855115,,0.966522216796875,0.016522216796875044,0.04886004507380934,-0.9489420317206699,0.5035836226449066,0.9662017822265625,1.912344593926287,0,0.834716796875,0.04509246693506676,0.05689267814159393,,0.4802149220287806,0.6476982558164237,0.5305954111311604,0.9848556956961668,0.009015352465212345,0.03661525249481201,0.00238037109375,1.4984275102615356,-0.7857729374878708,285,,residual_laplace,,,model_286.mat,0.26333309622030815,,,0.08096228197705296,31,,,,,,1.6075144231585219,9.934634376462508,,,,,0.8339385986328125,10.0,test,,,,0.13692953415280665,0.03,mixed_10db,20.762109756469727
0.03147443410837314,0.08981847763061523,0.9432220458984375,0.006777954101562456,0.04228923020942034,-1.1201554026530436,0.3148282138755343,0.90362548828125,0.8191470054346994,2,0.9723663330078125,0.04262798060048468,0.052610259503126144,1.8,0.44187017878784474,0.6086639123330221,0.7361314396478432,0.9913729694645113,0.006419234909117222,0.039955735206604004,0.00238037109375,1.5525763034820557,-1.0863197490715355,285,7.5,neural_bvi,1.0,1.0,model_286.mat,0.38433664749645685,ensemble_calibrated,0.03319254890084267,0.07608298904162776,37,0.0,"[{""label"": ""reference_ensemble_mean"", ""alpha"": null, ""data_rmse"": 0.05298471823334694}, {""label"": ""center"", ""alpha"": 0.0, ""data_rmse"": 0.052610304206609726}, {""label"": ""bvi_alpha_0.025"", ""alpha"": 0.025, ""data_rmse"": 0.052616044878959656}, {""label"": ""bvi_alpha_0.05"", ""alpha"": 0.05, ""data_rmse"": 0.05262161046266556}, {""label"": ""bvi_alpha_0.1"", ""alpha"": 0.1, ""data_rmse"": 0.05263518542051315}, {""label"": ""bvi_alpha_0.2"", ""alpha"": 0.2, ""data_rmse"": 0.05266054719686508}]",physics_line_search,1.1920928955078125e-07,center,,,0.08456970006227493,0.09804506599903107,0.09804506599903107,0.75,0.94415283203125,10.0,test,"[0.0, 0.0]","[1.4266308285295963, 1.5525763034820557]","[1.0, 0.0]",-0.044184855969592214,0.03,mixed_10db,35.487945795059204
,,,,,,,,,,,,0.22557665407657623,,0.5682386159896851,0.7204247117042542,,,,,,,,334,,nn,,,model_335.mat,,,,0.09005308896303177,1,,,,,,,,,,,,,0.0,test,,,,,,mixed_0db,0.5110061168670654
0.010726010248832208,,0.983978271484375,0.033978271484375044,0.047765726500513875,-1.184200749019762,0.3402919183375983,0.9591217041015625,7.976083234617511,,0.1069793701171875,0.06602582487627673,0.22560155391693115,,0.5743095359612312,0.7244422792245351,0.7460792593750587,0.9048899301372896,0.0022946675618489582,0.0022537231445312507,0.0074005126953125,,24.435317764522395,334,,mc_dropout,,,model_335.mat,0.04266403800847509,,,0.09055528490306688,1,,,,,,,,,,,,0.097503662109375,0.0,test,,,,0.6048509188881579,,mixed_0db,0.8024113178253174
0.016043006485349388,,0.88958740234375,0.060412597656249956,0.050973194565983246,-0.7778060186261628,0.330857284918527,0.7286834716796875,4.708565913660769,,0.18994140625,0.06340215891101139,0.19919800758361816,,0.5727266107620834,0.7508953758829265,0.8696217745295667,0.9698461492624264,0.00146240234375,0.0014099121093750003,0.0074005126953125,,19.17789992032962,334,,deep_ensemble,,,model_335.mat,0.07026710274525648,,,0.09386192198536582,1,,,,,,,,,,,,0.136322021484375,0.0,test,,,,0.45556467420505636,,mixed_0db,0.618492603302002
,,,,,,,,,0,,,0.22457093000411987,,0.5777920484542847,0.7268447279930115,,,,,,1.047396183013916,,334,,residual_map,,,model_335.mat,,,,0.09085559099912643,7,,,,,,1.0,0.0,,,,,,0.0,test,,,,,0.03,mixed_0db,7.547975540161133
0.02619855213898828,,0.9211273193359375,0.028872680664062456,0.05379848737865321,-0.8402902344951513,0.4408659163648639,0.9144287109375,1.912344593926287,0,0.7617950439453125,0.05387605893165301,0.22553902864456177,,0.5827331473493755,0.7283929779212185,0.7919375883957025,0.9250702422698638,0.002583657391369343,0.004339098930358887,0.0074005126953125,1.0475085973739624,0.00013516268013252786,334,,residual_laplace,,,model_335.mat,0.2305368592524558,,,0.09104912224015231,31,,,,,,2.3131935113603483,24.456207848134625,,,,,0.7538299560546875,0.0,test,,,,0.13665278559832247,0.03,mixed_0db,20.796921968460083
0.016606607988255265,0.09651972353458405,0.9224853515625,0.027514648437499956,0.04986910061435783,-1.0958767807607708,0.29023524206322926,0.7021636962890625,0.8191470054346994,2,0.985443115234375,0.050937977846902883,0.19793587923049927,1.8,0.5715571313157994,0.7425969617862496,0.931828463133203,0.9903582391421037,0.0017217081040143967,0.008177757263183594,0.0074005126953125,0.9886947274208069,-1.124107034593008,334,7.5,neural_bvi,1.0,1.0,model_335.mat,0.3543139877673229,ensemble_calibrated,0.15846343338489532,0.0928246202232812,37,0.0,"[{""label"": ""reference_ensemble_mean"", ""alpha"": null, ""data_rmse"": 0.19919800758361816}, {""label"": ""center"", ""alpha"": 0.0, ""data_rmse"": 0.19793571531772614}, {""label"": ""bvi_alpha_0.025"", ""alpha"": 0.025, ""data_rmse"": 0.19788235425949097}, {""label"": ""bvi_alpha_0.05"", ""alpha"": 0.05, ""data_rmse"": 0.19781574606895447}, {""label"": ""bvi_alpha_0.1"", ""alpha"": 0.1, ""data_rmse"": 0.19771184027194977}, {""label"": ""bvi_alpha_0.2"", ""alpha"": 0.2, ""data_rmse"": 0.19764384627342224}]",physics_line_search,1.1920928955078125e-07,center,,,0.0766390785574913,0.09038622677326202,0.09038622677326202,0.75,0.9058685302734375,0.0,test,"[0.0, 0.13116377592086792]","[1.0155233681434765, 0.9886947274208069]","[1.0, 1.0]",0.3641905906001911,0.03,mixed_0db,38.40781879425049
,,,,,,,,,,,,0.1808984875679016,,0.5560296773910522,0.7117535471916199,,,,,,,,334,,nn,,,model_335.mat,,,,0.08896919339895248,1,,,,,,,,,,,,,5.0,test,,,,,,mixed_5db,0.5394484996795654
0.011330984648499734,,0.992584228515625,0.042584228515625044,0.04722579372500012,-1.180077176856205,0.3773155874760321,0.988311767578125,7.976083234617511,,0.126617431640625,0.06377119819088525,0.1811019629240036,,0.5604778931571446,0.7147461994098997,0.7233005574084931,0.893517378196679,0.0023955620659722224,0.002211507161458333,0.0074005126953125,,20.51935483045388,334,,mc_dropout,,,model_335.mat,0.04730587389032555,,,0.08934327492623746,1,,,,,,,,,,,,0.1142730712890625,5.0,test,,,,0.5736937457593879,,mixed_5db,0.7669754028320312
0.015157851278523274,,0.9100341796875,0.039965820312499956,0.05068643956197473,-0.9383073651844553,0.34502428988834577,0.75677490234375,4.708565913660769,,0.200897216796875,0.06315295812293813,0.14999082684516907,,0.572369722995927,0.750294949276324,0.861905982137961,0.9646887049922923,0.0015191650390625,0.0014617919921875,0.0074005126953125,,14.704288416125383,334,,deep_ensemble,,,model_335.mat,0.07327587554099271,,,0.0937868686595405,1,,,,,,,,,,,,0.1452789306640625,5.0,test,,,,0.48137395006301276,,mixed_5db,0.5869216918945312
,,,,,,,,,0,,,0.17892974615097046,,0.5496331453323364,0.7110232710838318,,,,,,2.1043639183044434,,334,,residual_map,,,model_335.mat,,,,0.08887790888547897,7,,,,,,1.0,0.0,,,,,,5.0,test,,,,,0.03,mixed_5db,7.550515413284302
0.027747046633815907,,0.839569091796875,0.11043090820312496,0.050988989177479016,-0.6176307580379752,0.3097499772868818,0.8319549560546875,1.912344593926287,0,0.6741790771484375,0.05363775656374363,0.18042710423469543,,0.5503332761976516,0.7126184327317998,0.7746261457508848,0.9054387144614685,0.002411746419966221,0.0006006956100463875,0.0074005126953125,2.1036860942840576,1.759157724532247,334,,residual_laplace,,,model_335.mat,0.16197393414329025,,,0.08907730409147498,31,,,,,,3.916427002410584,84.26775522746884,,,,,0.6584014892578125,5.0,test,,,,0.13565541981853613,0.03,mixed_5db,20.89787983894348
0.016800728053443792,0.09401156008243561,0.922943115234375,0.027056884765624956,0.04996836476703288,-1.0867543727794642,0.2884790993696926,0.715576171875,0.8191470054346994,2,0.9840087890625,0.05057751750516911,0.14824225008487701,1.8,0.5714687889791126,0.7421414536988178,0.914207772338071,0.988579111678751,0.001973312348127365,0.008691072463989258,0.0074005126953125,1.7544634342193604,-1.1193868021301336,334,7.5,neural_bvi,1.0,1.0,model_335.mat,0.3521701202052305,ensemble_calibrated,0.08911054581403732,0.09276768171235222,37,0.0,"[{""label"": ""reference_ensemble_mean"", ""alpha"": null, ""data_rmse"": 0.14999082684516907}, {""label"": ""center"", ""alpha"": 0.0, ""data_rmse"": 0.14824233949184418}, {""label"": ""bvi_alpha_0.025"", ""alpha"": 0.025, ""data_rmse"": 0.14812347292900085}, {""label"": ""bvi_alpha_0.05"", ""alpha"": 0.05, ""data_rmse"": 0.14806954562664032}, {""label"": ""bvi_alpha_0.1"", ""alpha"": 0.1, ""data_rmse"": 0.14802038669586182}, {""label"": ""bvi_alpha_0.2"", ""alpha"": 0.2, ""data_rmse"": 0.14792993664741516}]",physics_line_search,1.1920928955078125e-07,center,,,0.07615941762924194,0.08983931690454483,0.08983931690454483,0.75,0.8856048583984375,5.0,test,"[0.0, 0.22747135162353516]","[1.8878535747644491, 1.7544634342193604]","[1.0, 1.0]",0.38167667298153896,0.03,mixed_5db,37.775163888931274
,,,,,,,,,,,,0.16666603088378906,,0.5505625605583191,0.7063108682632446,,,,,,,,334,,nn,,,model_335.mat,,,,0.08828885853290558,1,,,,,,,,,,,,,10.0,test,,,,,,mixed_10db,0.5296516418457031
0.01306443442119634,,0.964141845703125,0.014141845703125044,0.04763721490981494,-1.153622970965841,0.33099829748850707,0.94036865234375,7.976083234617511,,0.1092987060546875,0.06503773386790293,0.16775044798851013,,0.5646568656677194,0.7180981692995347,0.7255939489053326,0.898715076370689,0.0022476535373263887,0.0021392822265625,0.0074005126953125,,27.44503793555105,334,,mc_dropout,,,model_335.mat,0.041498851967392295,,,0.08976227116244184,1,,,,,,,,,,,,0.095733642578125,10.0,test,,,,0.5352572513549682,,mixed_10db,0.8024001121520996
0.015242028076955058,,0.8931732177734375,0.056826782226562456,0.04998114957922907,-0.7156851881618972,0.33481015887316884,0.7605743408203125,4.708565913660769,,0.1992645263671875,0.06200400127761953,0.1309281438589096,,0.5614198651490597,0.7407422483547819,0.8542991246975724,0.9657157183729118,0.0014746093750000002,0.0014160156250000004,0.0074005126953125,,20.31820050237333,334,,deep_ensemble,,,model_335.mat,0.07110660974823416,,,0.09259278104434773,1,,,,,,,,,,,,0.14422607421875,10.0,test,,,,0.47288171907867416,,mixed_10db,0.5810706615447998
,,,,,,,,,0,,,0.1664453148841858,,0.5440290570259094,0.7024256587028503,,,,,,5.587134838104248,,334,,residual_map,,,model_335.mat,,,,0.08780320733785629,7,,,,,,1.0,0.0,,,,,,10.0,test,,,,,0.03,mixed_10db,7.706815242767334
0.02916149757746765,,0.75848388671875,0.19151611328124996,0.05136324136236979,0.19799257541017878,0.22115623932094114,0.748992919921875,1.912344593926287,0,0.490875244140625,0.05559860069393612,0.16546379029750824,,0.54205433559817,0.702695052604709,0.7468903721851913,0.9037359901755118,0.002243591472506523,0.0017268657684326172,0.0074005126953125,5.587209701538086,5.640843031663436,334,,residual_laplace,,,model_335.mat,0.11564664649922937,,,0.08783688157558862,31,,,,,,4.626039322171706,222.66823752751324,,,,,0.4802093505859375,10.0,test,,,,0.07398618987719188,0.03,mixed_10db,20.732223987579346
0.016470035824937373,0.09554178267717361,0.93341064453125,0.016589355468749956,0.04891388212302816,-1.1115905167508096,0.28891306946818895,0.7168731689453125,0.8191470054346994,2,0.982696533203125,0.049975665495682116,0.12947241961956024,1.8,0.5608962708215142,0.732848385638909,0.8908730266937765,0.9825210576253651,0.0022118156775832176,0.009662985801696777,0.0074005126953125,4.036033630371094,-1.1360945288874462,334,7.5,neural_bvi,1.0,1.0,model_335.mat,0.35269990313261357,ensemble_calibrated,0.05011054128408432,0.09160604820486362,37,0.0,"[{""label"": ""reference_ensemble_mean"", ""alpha"": null, ""data_rmse"": 0.1309281438589096}, {""label"": ""center"", ""alpha"": 0.0, ""data_rmse"": 0.1294723004102707}, {""label"": ""bvi_alpha_0.025"", ""alpha"": 0.025, ""data_rmse"": 0.12947414815425873}, {""label"": ""bvi_alpha_0.05"", ""alpha"": 0.05, ""data_rmse"": 0.1294345259666443}, {""label"": ""bvi_alpha_0.1"", ""alpha"": 0.1, ""data_rmse"": 0.1294449269771576}, {""label"": ""bvi_alpha_0.2"", ""alpha"": 0.2, ""data_rmse"": 0.1296684741973877}]",physics_line_search,1.7881393432617188e-07,center,,,0.07617373764514923,0.08997447043657303,0.08997447043657303,0.75,0.9064178466796875,10.0,test,"[0.0, 1.0643301010131836]","[3.9632847011089325, 4.036033630371094]","[1.0, 1.0]",0.391801911263626,0.03,mixed_10db,37.55740690231323
,,,,,,,,,,,,0.1923549920320511,,0.4612296521663666,0.6479079723358154,,,,,,,,569,,nn,,,model_570.mat,,,,0.08098849654197693,1,,,,,,,,,,,,,0.0,test,,,,,,mixed_0db,0.5311269760131836
0.0261725400543968,,0.9082794189453125,0.041720581054687456,0.044364048698478806,-1.0120956941936918,0.3490258476292255,0.9134063720703125,7.976083234617511,,0.3043212890625,0.053038187763259734,0.19197337329387665,,0.4666473503167178,0.6515409642937188,0.6179615708156457,0.9950156161766295,0.0069747755262586815,0.007498677571614585,0.0098876953125,,34.919611798102075,569,,mc_dropout,,,model_570.mat,0.043759052807594914,,,0.08144262053671485,1,,,,,,,,,,,,0.286285400390625,0.0,test,,,,0.17074436284573521,,mixed_0db,0.751323938369751
0.02215337188977401,,0.9626312255859375,0.012631225585937544,0.04273017823718263,-1.0683156028758738,0.4506912088523396,0.889404296875,4.708565913660769,,0.587799072265625,0.04266419731372025,0.18119166791439056,,0.4092296553147207,0.5878431280411637,0.708538280110122,0.984656206287453,0.0049249267578125,0.0046356201171875,0.0098876953125,,4.06732155393259,569,,deep_ensemble,,,model_570.mat,0.09571729843650345,,,0.07348039100514546,1,,,,,,,,,,,,0.446258544921875,0.0,test,,,,0.2251160157521502,,mixed_0db,0.5502982139587402
,,,,,,,,,0,,,0.1885576844215393,,0.46022331714630127,0.6474536061286926,,,,,,0.8723964095115662,,569,,residual_map,,,model_570.mat,,,,0.08093170076608658,7,,,,,,1.0,0.0,,,,,,0.0,test,,,,,0.03,mixed_0db,7.75702166557312
0.039236593196673775,,0.937530517578125,0.012469482421874956,0.05119402653023458,-0.8044371084582834,0.5038098768244836,0.9387664794921875,1.912344593926287,0,0.7798614501953125,0.04615919023085937,0.19422830641269684,,0.4543109605466005,0.63758345656045,0.7010691052514981,0.99744113931926,0.010948277078568935,0.04157602787017822,0.0098876953125,0.8723981380462646,-0.2470346912525686,569,,residual_laplace,,,model_570.mat,0.26345140859868815,,,0.07969793207005625,31,,,,,,1.6390850086919417,6.714638399384151,,,,,0.779876708984375,0.0,test,,,,-0.17133878399640037,0.03,mixed_0db,20.669981956481934
0.022893372344624675,0.09004002809524536,0.8956451416015625,0.054354858398437456,0.038758037051341614,-1.117671980646663,0.30689056912489887,0.8714599609375,0.8191470054346994,2,0.9475860595703125,0.03882125809512365,0.1804022192955017,1.8,0.39701449743800765,0.5734063126025724,0.7879579439859423,0.9977228688254481,0.007748675532639027,0.03421151638031006,0.0098876953125,0.8886740207672119,-1.1084416680458835,569,7.5,neural_bvi,1.0,1.0,model_570.mat,0.3746465128832892,ensemble_calibrated,0.14596027135849,0.07167578907532154,37,0.0,"[{""label"": ""reference_ensemble_mean"", ""alpha"": null, ""data_rmse"": 0.18119166791439056}, {""label"": ""center"", ""alpha"": 0.0, ""data_rmse"": 0.1804022192955017}, {""label"": ""bvi_alpha_0.025"", ""alpha"": 0.025, ""data_rmse"": 0.18033573031425476}, {""label"": ""bvi_alpha_0.05"", ""alpha"": 0.05, ""data_rmse"": 0.1802266389131546}, {""label"": ""bvi_alpha_0.1"", ""alpha"": 0.1, ""data_rmse"": 0.18011294305324554}, {""label"": ""bvi_alpha_0.2"", ""alpha"": 0.2, ""data_rmse"": 0.17984169721603394}]",physics_line_search,1.1920928955078125e-07,center,,,0.08174492418766022,0.09557308256626129,0.09557308256626129,0.75,0.915130615234375,0.0,test,"[0.0, 0.0]","[0.9706094264984131, 0.8886740207672119]","[1.0, 0.0]",0.22321922366340013,0.03,mixed_0db,37.712169885635376
,,,,,,,,,,,,0.15005481243133545,,0.4646085500717163,0.6488591432571411,,,,,,,,569,,nn,,,model_570.mat,,,,0.08110739290714264,1,,,,,,,,,,,,,5.0,test,,,,,,mixed_5db,0.5531017780303955
0.024631902014118506,,0.88018798828125,0.06981201171874996,0.04353451579774315,-0.9783288138629733,0.3035199327488268,0.8657989501953125,7.976083234617511,,0.2653045654296875,0.05337112629097806,0.14734749495983124,,0.46508506891910883,0.6504827001379809,0.6277867247413074,0.9804387541077427,0.00615297105577257,0.0063084920247395825,0.0098876953125,,45.83272103831706,569,,mc_dropout,,,model_570.mat,0.038053756923651365,,,0.08131033751724762,1,,,,,,,,,,,,0.2425689697265625,5.0,test,,,,0.2401570905562507,,mixed_5db,0.7791574001312256
0.02155286296253363,,0.957794189453125,0.007794189453125044,0.043472254276705875,-1.063233550319034,0.4521201873211537,0.8876800537109375,4.708565913660769,,0.5847930908203125,0.04386095322588745,0.133680522441864,,0.41935284402275097,0.6001507021454869,0.6895645333117325,0.9654096051163562,0.0047784423828124995,0.003976440429687499,0.0098876953125,,4.558677763737158,569,,deep_ensemble,,,model_570.mat,0.09602078330660284,,,0.07501883776818587,1,,,,,,,,,,,,0.4319610595703125,5.0,test,,,,0.230338522926421,,mixed_5db,0.6669163703918457
,,,,,,,,,0,,,0.14683620631694794,,0.465941846370697,0.6505597233772278,,,,,,1.6553199291229248,,569,,residual_map,,,model_570.mat,,,,0.08131996542215347,7,,,,,,1.0,0.0,,,,,,5.0,test,,,,,0.03,mixed_5db,7.759592771530151
0.041552544688662256,,0.9057769775390625,0.044223022460937456,0.05091925032568931,-0.7404708774506861,0.45251950154035686,0.8993377685546875,1.912344593926287,0,0.753021240234375,0.047404653135612373,0.1506333202123642,,0.46822628143611267,0.6548368669563961,0.7244410071090693,0.9951513200903818,0.009074009954929352,0.0338132381439209,0.0098876953125,1.6552797555923462,0.27374939493205663,569,,residual_laplace,,,model_570.mat,0.23663073236592297,,,0.08185460836954951,31,,,,,,2.0330813482591252,18.796065010024684,,,,,0.747039794921875,5.0,test,,,,-0.17001578378863397,0.03,mixed_5db,20.296169757843018
0.023388390709563705,0.091208815574646,0.9039154052734375,0.046084594726562456,0.03956447020434897,-1.117468974773619,0.311947193441917,0.8582763671875,0.8191470054346994,2,0.9535980224609375,0.04000657322978861,0.13258080184459686,1.8,0.4066363257567973,0.5855506405410351,0.7800340721836941,0.9970050127208744,0.007559297606348991,0.033797264099121094,0.0098876953125,1.594879388809204,-1.1029340021124683,569,7.5,neural_bvi,1.0,1.0,model_570.mat,0.38081954932664985,ensemble_calibrated,0.08207949995994568,0.07319383006762939,37,0.0,"[{""label"": ""reference_ensemble_mean"", ""alpha"": null, ""data_rmse"": 0.133680522441864}, {""label"": ""center"", ""alpha"": 0.0, ""data_rmse"": 0.1325806975364685}, {""label"": ""bvi_alpha_0.025"", ""alpha"": 0.025, ""data_rmse"": 0.13268578052520752}, {""label"": ""bvi_alpha_0.05"", ""alpha"": 0.05, ""data_rmse"": 0.13278289139270782}, {""label"": ""bvi_alpha_0.1"", ""alpha"": 0.1, ""data_rmse"": 0.13272301852703094}, {""label"": ""bvi_alpha_0.2"", ""alpha"": 0.2, ""data_rmse"": 0.13265584409236908}]",physics_line_search,1.7881393432617188e-07,center,,,0.08357290923595428,0.09714784473180771,0.09714784473180771,0.75,0.90069580078125,5.0,test,"[0.0, 0.08355164527893066]","[1.5118403248488903, 1.594879388809204]","[1.0, 1.0]",0.1854325564490722,0.03,mixed_5db,37.555787324905396
,,,,,,,,,,,,0.1333005130290985,,0.4712377190589905,0.6373438835144043,,,,,,,,569,,nn,,,model_570.mat,,,,0.07966798543930054,1,,,,,,,,,,,,,10.0,test,,,,,,mixed_10db,0.544898271560669
0.024338646811789707,,0.8705902099609375,0.07940979003906246,0.04396520553552645,-1.0173163370403828,0.31381100767048864,0.8623199462890625,7.976083234617511,,0.2413330078125,0.054292363222289405,0.13228242099285126,,0.47429297431874223,0.6425317575984714,0.6803487725209033,0.9871123020520829,0.005314449734157987,0.00546722412109375,0.0098876953125,,41.715195370570356,569,,mc_dropout,,,model_570.mat,0.0393439986036285,,,0.08031646969980892,1,,,,,,,,,,,,0.212738037109375,10.0,test,,,,0.17569110429549165,,mixed_10db,0.793792724609375
0.020923834628663304,,0.970184326171875,0.020184326171875044,0.04283385702415013,-1.0937860498209522,0.4532133562487007,0.90289306640625,4.708565913660769,,0.574127197265625,0.04350665695740531,0.11374294757843018,,0.42014098233780717,0.5855779904269189,0.7228551855583047,0.977290178347192,0.004288330078125,0.003466796874999999,0.0098876953125,,3.4542277087599285,569,,deep_ensemble,,,model_570.mat,0.09625294931497091,,,0.07319724880336487,1,,,,,,,,,,,,0.4136199951171875,10.0,test,,,,0.2352661444373335,,mixed_10db,0.5887458324432373
,,,,,,,,,0,,,0.12805594503879547,,0.4735618233680725,0.6445156931877136,,,,,,4.004175186157227,,569,,residual_map,,,model_570.mat,,,,0.0805644616484642,7,,,,,,1.0,0.0,,,,,,10.0,test,,,,,0.03,mixed_10db,7.388256788253784
0.03974802268962148,,0.85284423828125,0.09715576171874996,0.04827407305653256,-0.5827683256262259,0.3515795187893758,0.84490966796875,1.912344593926287,0,0.6998748779296875,0.04760623845667204,0.1300811618566513,,0.47640773816393,0.6462261029835483,0.7175130822302576,0.9965907067220099,0.006804893724620342,0.020968079566955566,0.0098876953125,4.004146099090576,1.5344595937783223,569,,residual_laplace,,,model_570.mat,0.18384736722299533,,,0.08077826287294354,31,,,,,,2.809465537855495,55.42328812268002,,,,,0.6961669921875,10.0,test,,,,-0.13488493374151966,0.03,mixed_10db,22.416290998458862
0.0217283136284263,0.09492109715938568,0.9254608154296875,0.024539184570312456,0.03917161457773517,-1.1539708982219956,0.3254129977180497,0.911224365234375,0.8191470054346994,2,0.96710205078125,0.04037379332268398,0.11250931024551392,1.8,0.408236217708569,0.5718659807999237,0.8063259222544218,0.9979546666164376,0.00794205628335476,0.039957284927368164,0.0098876953125,3.4241504669189453,-1.1116886546417013,569,7.5,neural_bvi,1.0,1.0,model_570.mat,0.3972583621243439,ensemble_calibrated,0.046156689524650574,0.07148324759999046,37,0.0,"[{""label"": ""reference_ensemble_mean"", ""alpha"": null, ""data_rmse"": 0.11374294757843018}, {""label"": ""center"", ""alpha"": 0.0, ""data_rmse"": 0.11250954866409302}, {""label"": ""bvi_alpha_0.025"", ""alpha"": 0.025, ""data_rmse"": 0.1124420017004013}, {""label"": ""bvi_alpha_0.05"", ""alpha"": 0.05, ""data_rmse"": 0.1123962476849556}, {""label"": ""bvi_alpha_0.1"", ""alpha"": 0.1, ""data_rmse"": 0.11220616102218628}, {""label"": ""bvi_alpha_0.2"", ""alpha"": 0.2, ""data_rmse"": 0.11190992593765259}]",physics_line_search,1.1920928955078125e-07,center,,,0.08853089809417725,0.10134141892194748,0.10134141892194748,0.75,0.9497528076171875,10.0,test,"[0.0, 0.0]","[3.159533306956291, 3.4241504669189453]","[1.0, 0.0]",0.23986604746075088,0.03,mixed_10db,49.75782060623169
,,,,,,,,,,,,0.20478634536266327,,0.7102447748184204,0.8698220252990723,,,,,,,,652,,nn,,,model_653.mat,,,,0.10872775316238403,1,,,,,,,,,,,,,0.0,test,,,,,,mixed_0db,0.729708194732666
0.017738969268938757,,0.7558441162109375,0.19415588378906246,0.06375428249476334,-0.5852334743109758,0.27223122332031513,0.6673736572265625,7.976083234617511,,0.089569091796875,0.08359290697179819,0.20312605798244476,,0.7055088001407626,0.8626838411830126,0.720959779005349,0.9105665352021436,0.004438544379340278,0.003986612955729166,0.012237548828125,,84.18788998697278,652,,mc_dropout,,,model_653.mat,0.034130940615932824,,,0.10783548014787657,1,,,,,,,,,,,,0.0794677734375,0.0,test,,,,0.4190314455639539,,mixed_0db,1.004551649093628
0.021010845272782505,,0.8806610107421875,0.06933898925781246,0.059547206545717095,-0.8364304617390848,0.36709879976922594,0.703033447265625,4.708565913660769,,0.248931884765625,0.0744840947391225,0.19116011261940002,,0.6704991486059726,0.8151315724429734,0.8590499472343064,0.947588653031431,0.00315185546875,0.0019897460937500005,0.012237548828125,,16.199618984760495,652,,deep_ensemble,,,model_653.mat,0.07796403541773869,,,0.10189144655537168,1,,,,,,,,,,,,0.15521240234375,0.0,test,,,,0.26684145404459986,,mixed_0db,0.7970795631408691
,,,,,,,,,0,,,0.20233604311943054,,0.7084265947341919,0.8686628937721252,,,,,,0.9377806186676025,,652,,residual_map,,,model_653.mat,,,,0.10858286172151566,7,,,,,,1.0,0.0,,,,,,0.0,test,,,,,0.03,mixed_0db,10.231460332870483
0.016161157586988804,,0.9565277099609375,0.006527709960937544,0.06121417821937861,-0.835969797849277,0.4928689306838515,0.9548492431640625,1.912344593926287,0,0.764129638671875,0.06456336043661451,0.2044862061738968,,0.7153888878792007,0.8722142745888967,0.7240765344999149,0.973416861035843,0.0073267556726932526,0.01957559585571289,0.012237548828125,0.937820315361023,-0.26074239858378895,652,,residual_laplace,,,model_653.mat,0.257730187642852,,,0.10902678432361208,31,,,,,,1.8919115896959806,12.2707817433153,,,,,0.754302978515625,0.0,test,,,,0.5031210639411869,0.03,mixed_0db,28.789400577545166
0.014899036136799697,0.07816198468208313,0.8696136474609375,0.08038635253906246,0.05882600982865115,-0.8516048604344031,0.2636034253562488,0.6406707763671875,0.8191470054346994,2,0.94921875,0.05868708311141978,0.1878555566072464,1.8,0.6779116633743847,0.8204409186575888,0.8892166069081896,0.9884681351276241,0.0038692420348525047,0.010310530662536621,0.012237548828125,1.0824272632598877,-0.9937998583798776,652,7.5,neural_bvi,1.0,1.0,model_653.mat,0.32180234268983443,ensemble_calibrated,0.15072199702262878,0.1025551148321986,37,0.0,"[{""label"": ""reference_ensemble_mean"", ""alpha"": null, ""data_rmse"": 0.19116011261940002}, {""label"": ""center"", ""alpha"": 0.0, ""data_rmse"": 0.18785543739795685}, {""label"": ""bvi_alpha_0.025"", ""alpha"": 0.025, ""data_rmse"": 0.18785183131694794}, {""label"": ""bvi_alpha_0.05"", ""alpha"": 0.05, ""data_rmse"": 0.18785971403121948}, {""label"": ""bvi_alpha_0.1"", ""alpha"": 0.1, ""data_rmse"": 0.1878778338432312}, {""label"": ""bvi_alpha_0.2"", ""alpha"": 0.2, ""data_rmse"": 0.18790064752101898}]",physics_line_search,1.7881393432617188e-07,center,,,0.06635597348213196,0.08209243416786194,0.08209243416786194,0.75,0.77459716796875,0.0,test,"[0.0, 0.0]","[1.0176368989050388, 1.0824272632598877]","[1.0, 0.0]",0.46845963061669216,0.03,mixed_0db,50.99671912193298
,,,,,,,,,,,,0.159971684217453,,0.7037581205368042,0.8645927906036377,,,,,,,,652,,nn,,,model_653.mat,,,,0.10807409882545471,1,,,,,,,,,,,,,5.0,test,,,,,,mixed_5db,0.7628171443939209
0.018616834252809782,,0.7397918701171875,0.21020812988281246,0.06356403848223642,-0.6701608612000673,0.2927967322121202,0.6519775390625,7.976083234617511,,0.0955352783203125,0.08272124233556077,0.157938614487648,,0.7010450703711968,0.8602512664812517,0.7095973714110568,0.9054555947234518,0.004769134521484375,0.004373677571614583,0.012237548828125,,74.73528041870149,652,,mc_dropout,,,model_653.mat,0.03670933758589666,,,0.10753140831015646,1,,,,,,,,,,,,0.0840911865234375,5.0,test,,,,0.3834062137810944,,mixed_5db,1.0302777290344238
0.021711854835457414,,0.8524017333984375,0.09759826660156246,0.060581713766743636,-0.7551589888042906,0.35282611056812174,0.6390533447265625,4.708565913660769,,0.24786376953125,0.07512478339951997,0.14001263678073883,,0.6732891372939093,0.8204744565213318,0.8560118491741371,0.9475481843326309,0.0032885742187500006,0.002252197265625,0.012237548828125,,18.5936423133816,652,,deep_ensemble,,,model_653.mat,0.07493281755528562,,,0.10255930706516647,1,,,,,,,,,,,,0.153900146484375,5.0,test,,,,0.2393045126765926,,mixed_5db,0.8462843894958496
,,,,,,,,,0,,,0.1549418419599533,,0.7023650407791138,0.8688985705375671,,,,,,1.7435866594314575,,652,,residual_map,,,model_653.mat,,,,0.10861232131719589,7,,,,,,1.0,0.0,,,,,,5.0,test,,,,,0.03,mixed_5db,9.95095705986023
0.017583791462035765,,0.9108734130859375,0.039126586914062456,0.060711312974438776,-0.8001488578193819,0.3910759612376484,0.903900146484375,1.912344593926287,0,0.615753173828125,0.06688211885584791,0.15531371533870697,,0.7041681036685388,0.8689079370217068,0.6680114839556641,0.9435641073884017,0.0067719146609306335,0.01105952262878418,0.012237548828125,1.7435816526412964,0.4800644830913502,652,,residual_laplace,,,model_653.mat,0.20450078014905307,,,0.10861349212771335,31,,,,,,2.720940388266916,37.754890693928715,,,,,0.599578857421875,5.0,test,,,,0.4714755709869587,0.03,mixed_5db,28.97842049598694
0.016288892098436834,0.07761408388614655,0.83197021484375,0.11802978515624996,0.05966636684276494,-0.8159380953333227,0.26135400182108526,0.64788818359375,0.8191470054346994,2,0.93731689453125,0.0605297160356494,0.13730701804161072,1.8,0.6816487065835224,0.8262351847136485,0.8851121087117254,0.984562761231133,0.004080559127032757,0.010585904121398926,0.012237548828125,1.6406283378601074,-0.972809943312958,652,7.5,neural_bvi,1.0,1.0,model_653.mat,0.3190562867069161,ensemble_calibrated,0.08475720882415771,0.10327939808920607,37,0.0,"[{""label"": ""reference_ensemble_mean"", ""alpha"": null, ""data_rmse"": 0.14001263678073883}, {""label"": ""center"", ""alpha"": 0.0, ""data_rmse"": 0.13730724155902863}, {""label"": ""bvi_alpha_0.025"", ""alpha"": 0.025, ""data_rmse"": 0.13733342289924622}, {""label"": ""bvi_alpha_0.05"", ""alpha"": 0.05, ""data_rmse"": 0.1373957097530365}, {""label"": ""bvi_alpha_0.1"", ""alpha"": 0.1, ""data_rmse"": 0.13748200237751007}, {""label"": ""bvi_alpha_0.2"", ""alpha"": 0.2, ""data_rmse"": 0.1376694142818451}]",physics_line_search,1.1920928955078125e-07,center,,,0.0653211921453476,0.08139190077781677,0.08139190077781677,0.75,0.7762603759765625,5.0,test,"[0.0, 0.05032706260681152]","[1.5786808729171753, 1.6406283378601074]","[1.0, 1.0]",0.41755374708331616,0.03,mixed_5db,50.2378454208374
,,,,,,,,,,,,0.14177019894123077,,0.695563554763794,0.8545117378234863,,,,,,,,652,,nn,,,model_653.mat,,,,0.10681396722793579,1,,,,,,,,,,,,,10.0,test,,,,,,mixed_10db,0.7321889400482178
0.01797974907459891,,0.824798583984375,0.12520141601562496,0.06126364364999206,-0.822561692410941,0.29459364483692824,0.7469635009765625,7.976083234617511,,0.08880615234375,0.08176054320714324,0.13857592642307281,,0.6941558401657137,0.8515213362046854,0.683632232993694,0.900538618926777,0.004692281087239583,0.004250081380208336,0.012237548828125,,63.29677528234956,652,,mc_dropout,,,model_653.mat,0.03693462519679333,,,0.10644016702558567,1,,,,,,,,,,,,0.080078125,10.0,test,,,,0.4026609700408457,,mixed_10db,1.037815809249878
0.020912261704847602,,0.8852691650390625,0.06473083496093746,0.05946839740109129,-0.8688377165254981,0.3684129111630266,0.6632232666015625,4.708565913660769,,0.2597503662109375,0.0741056153496095,0.12021829932928085,,0.6670270105979399,0.81230127245001,0.8512961053534623,0.9462988553117468,0.0033111572265625004,0.0021759033203125003,0.012237548828125,,15.081233480256767,652,,deep_ensemble,,,model_653.mat,0.07824312498426438,,,0.10153765905625126,1,,,,,,,,,,,,0.1645965576171875,10.0,test,,,,0.24277731375032938,,mixed_10db,0.7885253429412842
,,,,,,,,,0,,,0.13681240379810333,,0.6968091726303101,0.8611694574356079,,,,,,4.276278495788574,,652,,residual_map,,,model_653.mat,,,,0.10764618217945099,7,,,,,,1.0,0.0,,,,,,10.0,test,,,,,0.03,mixed_10db,10.365478754043579
0.01718436144100188,,0.8049468994140625,0.14505310058593746,0.06224389308167291,-0.48734519820898814,0.2824548797347375,0.778106689453125,1.912344593926287,0,0.4347686767578125,0.07033087323002156,0.13785600662231445,,0.6983801135309347,0.8611918892939158,0.6437504421678362,0.9270199601407394,0.005537832155823708,0.0047223567962646484,0.012237548828125,4.276272296905518,2.491277226247597,652,,residual_laplace,,,model_653.mat,0.14770082792790673,,,0.10764898616173947,31,,,,,,3.8463644809268187,110.09877906667408,,,,,0.4241180419921875,10.0,test,,,,0.47923521398888835,0.03,mixed_10db,28.739641427993774
0.01708182927718186,0.08028190582990646,0.8566436767578125,0.09335632324218746,0.059117856721283994,-0.845983819831533,0.2628706052834126,0.6312103271484375,0.8191470054346994,2,0.9467010498046875,0.05962308914595911,0.11748676002025604,1.8,0.6760617793724064,0.8186241516118666,0.8768933663447082,0.9879254096198932,0.004147401079535484,0.011294841766357422,0.012237548828125,3.701716899871826,-0.9905796299342855,652,7.5,neural_bvi,1.0,1.0,model_653.mat,0.3209077290637401,ensemble_calibrated,0.04766247421503067,0.10232801895148333,37,0.0,"[{""label"": ""reference_ensemble_mean"", ""alpha"": null, ""data_rmse"": 0.12021829932928085}, {""label"": ""center"", ""alpha"": 0.0, ""data_rmse"": 0.11748692393302917}, {""label"": ""bvi_alpha_0.025"", ""alpha"": 0.025, ""data_rmse"": 0.11743450164794922}, {""label"": ""bvi_alpha_0.05"", ""alpha"": 0.05, ""data_rmse"": 0.11737890541553497}, {""label"": ""bvi_alpha_0.1"", ""alpha"": 0.1, ""data_rmse"": 0.1172923818230629}, {""label"": ""bvi_alpha_0.2"", ""alpha"": 0.2, ""data_rmse"": 0.11723730713129044}]",physics_line_search,1.1920928955078125e-07,center,,,0.06605815887451172,0.08186422288417816,0.08186422288417816,0.75,0.7791900634765625,10.0,test,"[0.0, 0.0]","[3.3486911021173, 3.701716899871826]","[1.0, 0.0]",0.36349753503576687,0.03,mixed_10db,49.91324496269226
,,,,,,,,,,,,0.16974236071109772,,0.3688836693763733,0.47940972447395325,,,,,,,,592,,nn,,,model_593.mat,,,,0.059926215559244156,1,,,,,,,,,,,,,0.0,test,,,,,,mixed_0db,0.75331711769104
0.0184996247295143,,0.964263916015625,0.014263916015625044,0.03412122121189496,-1.1694886640030053,0.31001599758508824,0.9575042724609375,7.976083234617511,,0.2601470947265625,0.04064776317406395,0.16994169354438782,,0.36425930290452013,0.47364236187372444,0.8930790283704751,0.9983863051094783,0.0014799160427517361,0.0016494750976562508,0.006744384765625,,29.396911967992125,592,,mc_dropout,,,model_593.mat,0.03886819989468826,,,0.059205295234215555,1,,,,,,,,,,,,0.2314910888671875,0.0,test,,,,0.1902286184492963,,mixed_0db,1.0372469425201416
0.017960902490801164,,0.98663330078125,0.036633300781250044,0.03342946490527575,-1.285082341218635,0.3726872864057861,0.916778564453125,4.708565913660769,,0.569061279296875,0.03288570662116967,0.1645756959915161,,0.3217586770342223,0.42270168966087357,0.8453906354947225,0.9984283431673541,0.001715087890625,0.0023010253906249993,0.006744384765625,,2.457520781642753,592,,deep_ensemble,,,model_593.mat,0.07915091200970567,,,0.052837711207609196,1,,,,,,,,,,,,0.3988494873046875,0.0,test,,,,0.061643977005082604,,mixed_0db,0.8835008144378662
,,,,,,,,,0,,,0.16959558427333832,,0.36763158440589905,0.4782131314277649,,,,,,0.7429220676422119,,592,,residual_map,,,model_593.mat,,,,0.05977664142847061,7,,,,,,1.0,0.0,,,,,,0.0,test,,,,,0.03,mixed_0db,10.05822491645813
0.02305513879071963,,0.98712158203125,0.037121582031250044,0.04435139128314805,-0.976063081991637,0.5548820686446896,0.986907958984375,1.912344593926287,0,0.915802001953125,0.03566788064481833,0.1695622205734253,,0.3675575967461109,0.4798059474761702,0.9746565104061272,0.9997915649168407,0.006598632782697678,0.0374300479888916,0.006744384765625,0.7429068088531494,-1.1517813531299548,592,,residual_laplace,,,model_593.mat,0.2901579926944897,,,0.05997574343452128,31,,,,,,1.5488660696591017,2.232531021358138,,,,,0.9125823974609375,0.0,test,,,,0.005803912486599803,0.03,mixed_0db,28.43209433555603
0.02010493237185258,0.08271455764770508,0.978302001953125,0.028302001953125044,0.030635968808028692,-1.3861108183392379,0.2959469462954992,0.9493865966796875,0.8191470054346994,2,0.9870452880859375,0.03135466713601167,0.1640717089176178,1.8,0.3187328871322439,0.4195481670647162,0.8952595100412547,0.9997015628078127,0.00575830414891243,0.029974937438964844,0.006744384765625,0.9720166325569153,-1.2886071225593814,592,7.5,neural_bvi,1.7547653913497925,0.75,model_593.mat,0.3612867340440903,ensemble_calibrated,0.1398349404335022,0.052443520883089526,37,0.0,"[{""label"": ""reference_ensemble_mean"", ""alpha"": null, ""data_rmse"": 0.1645756959915161}, {""label"": ""center"", ""alpha"": 0.0, ""data_rmse"": 0.16407160460948944}, {""label"": ""bvi_alpha_0.025"", ""alpha"": 0.025, ""data_rmse"": 0.1640734076499939}, {""label"": ""bvi_alpha_0.05"", ""alpha"": 0.05, ""data_rmse"": 0.16407376527786255}, {""label"": ""bvi_alpha_0.1"", ""alpha"": 0.1, ""data_rmse"": 0.1640762835741043}, {""label"": ""bvi_alpha_0.2"", ""alpha"": 0.2, ""data_rmse"": 0.1641257256269455}]",physics_line_search,1.7881393432617188e-07,center,,,0.0781695693731308,0.09216497838497162,0.09216497838497162,0.75,0.9795989990234375,0.0,test,"[0.0, 0.02115863561630249]","[0.8081805198453367, 0.9720166325569153]","[1.0, 0.75]",0.004057312311379726,0.03,mixed_0db,48.08319115638733
,,,,,,,,,,,,0.12829633057117462,,0.3743829131126404,0.5032697319984436,,,,,,,,592,,nn,,,model_593.mat,,,,0.06290871649980545,1,,,,,,,,,,,,,5.0,test,,,,,,mixed_5db,0.77298903465271
0.022306986313013553,,0.95587158203125,0.005871582031250044,0.03553229898464615,-1.088162376496419,0.3023886608334637,0.9369659423828125,7.976083234617511,,0.2967681884765625,0.04206200680050605,0.128024160861969,,0.37385418398419,0.502071869595607,0.8479544683806165,0.9983625837580933,0.0018396504720052083,0.002053324381510418,0.006744384765625,,35.601778058415945,592,,mc_dropout,,,model_593.mat,0.03791192391099897,,,0.06275898369945088,1,,,,,,,,,,,,0.270050048828125,5.0,test,,,,0.11590715608535615,,mixed_5db,1.0510177612304688
0.019601527960815397,,0.9809722900390625,0.030972290039062544,0.03451912596947526,-1.2665220704382016,0.37810100966087345,0.9228515625,4.708565913660769,,0.5854949951171875,0.03385758345800128,0.11819907277822495,,0.3262394028595281,0.448308081840995,0.8267087699320146,0.9994295753568768,0.00202392578125,0.0025878906250000003,0.006744384765625,,2.4244410220972155,592,,deep_ensemble,,,model_593.mat,0.08030067255142295,,,0.05603851023012438,1,,,,,,,,,,,,0.4410247802734375,5.0,test,,,,0.05723555874793261,,mixed_5db,0.8327059745788574
,,,,,,,,,0,,,0.1266355961561203,,0.37848493456840515,0.503756582736969,,,,,,1.3442492485046387,,592,,residual_map,,,model_593.mat,,,,0.06296957284212112,7,,,,,,1.0,0.0,,,,,,5.0,test,,,,,0.03,mixed_5db,10.034592628479004
0.02505524349989839,,0.957122802734375,0.007122802734375044,0.04303548793495414,-1.0161780167645813,0.4808063995339271,0.9582977294921875,1.912344593926287,0,0.862640380859375,0.03697996097491696,0.12755557894706726,,0.3823280188940643,0.5070499557882168,0.9409004513977492,0.9996801180110295,0.007681817747652531,0.038188815116882324,0.006744384765625,1.3436100482940674,-0.8803360657202771,592,,residual_laplace,,,model_593.mat,0.25142246929961687,,,0.0633812444735271,31,,,,,,2.2697164491994912,13.62233861206353,,,,,0.85955810546875,5.0,test,,,,0.06135031914724052,0.03,mixed_5db,28.58271336555481
0.022762657003283854,0.08168663084506989,0.9689483642578125,0.018948364257812544,0.031988868158707336,-1.3220200682981715,0.29485589913402604,0.9320068359375,0.8191470054346994,2,0.9799346923828125,0.03252810822942401,0.11707765609025955,1.8,0.3260347238833017,0.4445440830932174,0.90207573949797,0.9997359196661925,0.0053533343598246574,0.032343268394470215,0.006744384765625,1.275914192199707,-1.247637735796283,592,7.5,neural_bvi,1.0,1.0,model_593.mat,0.3599548032011103,ensemble_calibrated,0.07863496243953705,0.05556801038665218,37,0.0,"[{""label"": ""reference_ensemble_mean"", ""alpha"": null, ""data_rmse"": 0.11819907277822495}, {""label"": ""center"", ""alpha"": 0.0, ""data_rmse"": 0.11707784980535507}, {""label"": ""bvi_alpha_0.025"", ""alpha"": 0.025, ""data_rmse"": 0.11705220490694046}, {""label"": ""bvi_alpha_0.05"", ""alpha"": 0.05, ""data_rmse"": 0.1170281171798706}, {""label"": ""bvi_alpha_0.1"", ""alpha"": 0.1, ""data_rmse"": 0.11698832362890244}, {""label"": ""bvi_alpha_0.2"", ""alpha"": 0.2, ""data_rmse"": 0.11691184341907501}]",physics_line_search,1.7881393432617188e-07,center,,,0.07805713266134262,0.0918252021074295,0.0918252021074295,0.75,0.96588134765625,5.0,test,"[0.0, 0.4076026678085327]","[1.3341951854526997, 1.275914192199707]","[1.0, 1.0]",-0.0407374884783006,0.03,mixed_5db,48.616251945495605
,,,,,,,,,,,,0.10636167973279953,,0.3535192310810089,0.47360163927078247,,,,,,,,592,,nn,,,model_593.mat,,,,0.05920020490884781,1,,,,,,,,,,,,,10.0,test,,,,,,mixed_10db,0.7503526210784912
0.019389585062687276,,0.969512939453125,0.019512939453125044,0.03377847258089064,-1.0764081982503315,0.3129445386954587,0.95843505859375,7.976083234617511,,0.3073272705078125,0.03904947069405068,0.10698463767766953,,0.350527809143523,0.4695431548222507,0.839247739204958,0.9982736417241088,0.0017287021213107639,0.0019485473632812511,0.006744384765625,,34.42989887442968,592,,mc_dropout,,,model_593.mat,0.039235365208611345,,,0.058692894352781334,1,,,,,,,,,,,,0.2816314697265625,10.0,test,,,,0.15223849516055127,,mixed_10db,1.0359022617340088
0.01841442370694348,,0.9808349609375,0.030834960937500044,0.033449196061491035,-1.2770883849132504,0.36750639469422675,0.9195709228515625,4.708565913660769,,0.5915069580078125,0.0325847703892839,0.09758412837982178,,0.3156818788389046,0.435160989548016,0.8204464909232353,0.999472360680767,0.0019427490234375001,0.0026153564453124992,0.006744384765625,,2.8356321760871928,592,,deep_ensemble,,,model_593.mat,0.07805059999680472,,,0.054395123693502,1,,,,,,,,,,,,0.4506378173828125,10.0,test,,,,0.10579890903638106,,mixed_10db,0.8915960788726807
,,,,,,,,,0,,,0.10432358831167221,,0.3580964207649231,0.47219163179397583,,,,,,2.8663971424102783,,592,,residual_map,,,model_593.mat,,,,0.05902395397424698,7,,,,,,1.0,0.0,,,,,,10.0,test,,,,,0.03,mixed_10db,9.994240045547485
0.022196226892479434,,0.9572601318359375,0.007260131835937544,0.0385074454388426,-1.1420654436922562,0.41303902890358524,0.9549713134765625,1.912344593926287,0,0.8645782470703125,0.03404950621728381,0.10430583357810974,,0.360304889787324,0.47609390689828635,0.9296570940654556,0.9996896065515836,0.004802674986422062,0.02697622776031494,0.006744384765625,2.8663904666900635,-0.9645938150846972,592,,residual_laplace,,,model_593.mat,0.2159856703423377,,,0.05951173836228579,31,,,,,,2.502308397338512,31.588376453423678,,,,,0.85552978515625,10.0,test,,,,0.07139595266471538,0.03,mixed_10db,28.702733516693115
0.02044154999841611,0.08620978891849518,0.977325439453125,0.027325439453125044,0.031415893314678214,-1.3436462275978531,0.30575483924011315,0.96038818359375,0.8191470054346994,2,0.985198974609375,0.03225052628084325,0.09668155014514923,1.8,0.31608425994400946,0.4335787986203153,0.8921881646378904,0.9997030573398414,0.005764685571193695,0.0387725830078125,0.006744384765625,2.7251458168029785,-1.2499384716397566,592,7.5,neural_bvi,1.0,1.0,model_593.mat,0.373260034171592,ensemble_calibrated,0.044219695031642914,0.05419734982753941,37,0.0,"[{""label"": ""reference_ensemble_mean"", ""alpha"": null, ""data_rmse"": 0.09758412837982178}, {""label"": ""center"", ""alpha"": 0.0, ""data_rmse"": 0.09668154269456863}, {""label"": ""bvi_alpha_0.025"", ""alpha"": 0.025, ""data_rmse"": 0.09664732217788696}, {""label"": ""bvi_alpha_0.05"", ""alpha"": 0.05, ""data_rmse"": 0.09661330282688141}, {""label"": ""bvi_alpha_0.1"", ""alpha"": 0.1, ""data_rmse"": 0.09655257314443588}, {""label"": ""bvi_alpha_0.2"", ""alpha"": 0.2, ""data_rmse"": 0.0964445099234581}]",physics_line_search,1.7881393432617188e-07,center,,,0.08164659142494202,0.09521939605474472,0.09521939605474472,0.75,0.9821014404296875,10.0,test,"[0.0, 0.061917781829833984]","[2.699212091974914, 2.7251458168029785]","[1.0, 1.0]",0.02865038367302748,0.03,mixed_10db,48.93818235397339
,,,,,,,,,,,,0.12285242974758148,,0.4791107177734375,0.6010698080062866,,,,,,,,566,,nn,,,model_567.mat,,,,0.07513372600078583,1,,,,,,,,,,,,,0.0,test,,,,,,mixed_0db,0.7745921611785889
0.02171653004828784,,0.9704742431640625,0.020474243164062544,0.041815345963269114,-1.168651975110866,0.32942769768589286,0.937225341796875,7.976083234617511,,0.181732177734375,0.05481786853401171,0.12326043099164963,,0.481470727996134,0.6036720392866756,0.7893138734671272,0.9504943719822327,0.005050523546006944,0.004994710286458334,0.0119476318359375,,27.19105061826104,566,,mc_dropout,,,model_567.mat,0.04130193829307777,,,0.07545900491083445,1,,,,,,,,,,,,0.1672515869140625,0.0,test,,,,0.1000955687210093,,mixed_0db,0.9794907569885254
0.0209102479769377,,0.97723388671875,0.027233886718750044,0.04240115415547496,-1.1375547147607903,0.393634687958753,0.8823699951171875,4.708565913660769,,0.35955810546875,0.04810145237582106,0.11975053697824478,,0.45218153362379787,0.6071088328299491,0.6920079150200853,0.9271433234285175,0.0067578125,0.0068359375,0.0119476318359375,,6.064985386283999,566,,deep_ensemble,,,model_567.mat,0.08359969787638802,,,0.07588860410374364,1,,,,,,,,,,,,0.2674713134765625,0.0,test,,,,0.07872457124146066,,mixed_0db,0.8769609928131104
,,,,,,,,,0,,,0.12239697575569153,,0.4780310392379761,0.5993428230285645,,,,,,0.605973482131958,,566,,residual_map,,,model_567.mat,,,,0.07491785287857056,7,,,,,,1.0,0.0,,,,,,0.0,test,,,,,0.03,mixed_0db,9.989626169204712
0.018672982536064888,,0.984466552734375,0.034466552734375044,0.047418995754978356,-0.965914105451913,0.5405343825152332,0.9819488525390625,1.912344593926287,0,0.9098358154296875,0.0415838923973178,0.12244967371225357,,0.47131290512178303,0.5917937477315974,0.8264589431451201,0.9913612685075277,0.008747681975364685,0.0323491096496582,0.0119476318359375,0.6059721112251282,-1.0411711450033856,566,,residual_laplace,,,model_567.mat,0.2826553250848502,,,0.07397421846644968,31,,,,,,1.489058499742613,2.7023148892995303,,,,,0.9017181396484375,0.0,test,,,,0.19715425429725747,0.03,mixed_0db,28.61313533782959
0.015763422533814336,0.09263898432254791,0.9791412353515625,0.029141235351562544,0.038841189020918904,-1.2608697586520223,0.2966330261106576,0.95172119140625,0.8191470054346994,2,0.9890899658203125,0.040202117067200865,0.11975052207708359,1.8,0.4521815339970159,0.607108832633001,0.6946026469333981,0.9865843087118417,0.009306465275585651,0.02782309055328369,0.0119476318359375,0.7718023061752319,-1.2134201942953413,566,7.5,neural_bvi,1.9106559753417969,0.6499999761581421,model_567.mat,0.3621242880003479,ensemble_calibrated,0.11166386306285858,0.07588860407912512,37,-1.0,"[{""label"": ""reference_ensemble_mean"", ""alpha"": null, ""data_rmse"": 0.11975053697824478}, {""label"": ""center"", ""alpha"": 0.0, ""data_rmse"": 0.12004023045301437}, {""label"": ""bvi_alpha_0.025"", ""alpha"": 0.025, ""data_rmse"": 0.12003996223211288}, {""label"": ""bvi_alpha_0.05"", ""alpha"": 0.05, ""data_rmse"": 0.12003173679113388}, {""label"": ""bvi_alpha_0.1"", ""alpha"": 0.1, ""data_rmse"": 0.12000603973865509}, {""label"": ""bvi_alpha_0.2"", ""alpha"": 0.2, ""data_rmse"": 0.119961217045784}]",physics_line_search,1.7881393432617188e-07,reference_ensemble_mean,,,0.0783919095993042,0.0923786461353302,0.0923786461353302,0.75,0.97802734375,0.0,test,"[0.0, 0.009990394115447998]","[0.7167616129154339, 0.7718023061752319]","[1.0, 0.35]",0.2817101161960493,0.03,mixed_0db,48.73024773597717
,,,,,,,,,,,,0.08125261217355728,,0.4586114287376404,0.5914505124092102,,,,,,,,566,,nn,,,model_567.mat,,,,0.07393131405115128,1,,,,,,,,,,,,,5.0,test,,,,,,mixed_5db,0.7552852630615234
0.02149782581993479,,0.9811248779296875,0.031124877929687544,0.04037198210103687,-1.220910206759904,0.31859991792849657,0.9368438720703125,7.976083234617511,,0.190460205078125,0.05259485935140368,0.0809558629989624,,0.46131554626841387,0.5936207350674237,0.7693421454481154,0.9401934838386458,0.0053791809082031255,0.005234273274739585,0.0119476318359375,,25.996119762914347,566,,mc_dropout,,,model_567.mat,0.039944407367692475,,,0.07420259188342797,1,,,,,,,,,,,,0.1770782470703125,5.0,test,,,,0.09826746252460275,,mixed_5db,1.0439035892486572
0.021075998671208688,,0.9422760009765625,0.007723999023437456,0.04246957315994512,-0.963633900482211,0.37492300515252286,0.8369293212890625,4.708565913660769,,0.3284454345703125,0.04795063571478409,0.07667098939418793,,0.4492688867995185,0.6086751570280803,0.6946243038673319,0.9300797495558276,0.0070513916015625,0.0070587158203124995,0.0119476318359375,,11.820285676198072,566,,deep_ensemble,,,model_567.mat,0.07962573148056898,,,0.07608439462851004,1,,,,,,,,,,,,0.24139404296875,5.0,test,,,,0.05537372838196551,,mixed_5db,0.8341560363769531
,,,,,,,,,0,,,0.07973174005746841,,0.4580014646053314,0.5904394388198853,,,,,,0.8334567546844482,,566,,residual_map,,,model_567.mat,,,,0.07380492985248566,7,,,,,,1.0,0.0,,,,,,5.0,test,,,,,0.03,mixed_5db,10.072478532791138
0.020769600388207715,,0.9778289794921875,0.027828979492187544,0.04626758511586953,-0.9909109566496729,0.5119213023630107,0.973663330078125,1.912344593926287,0,0.8889923095703125,0.04089026770634123,0.08084077388048172,,0.4561102244751911,0.5885146465064831,0.8408993248737041,0.9904395717381616,0.008064741268754005,0.02740931510925293,0.0119476318359375,0.8334015607833862,-0.985165607270635,566,,residual_laplace,,,model_567.mat,0.2676930215113617,,,0.07356433081331039,31,,,,,,1.6133110928488277,6.93307861776524,,,,,0.880889892578125,5.0,test,,,,0.13730001775568648,0.03,mixed_5db,29.411513805389404
0.015950828033542204,0.09410068392753601,0.97796630859375,0.027966308593750044,0.03853697621350802,-1.2600311670735898,0.29213678680751576,0.9516754150390625,0.8191470054346994,2,0.9892120361328125,0.03944344076892854,0.07667098194360733,1.8,0.4492688865292642,0.6086751578108435,0.6710920193308386,0.9706383816415731,0.009079926647245884,0.022579550743103027,0.0119476318359375,1.0254263877868652,-1.2162333536330527,566,7.5,neural_bvi,1.0,1.0,model_567.mat,0.35663535955000725,ensemble_calibrated,0.06279319524765015,0.07608439472635543,37,-1.0,"[{""label"": ""reference_ensemble_mean"", ""alpha"": null, ""data_rmse"": 0.07667098939418793}, {""label"": ""center"", ""alpha"": 0.0, ""data_rmse"": 0.0770823284983635}, {""label"": ""bvi_alpha_0.025"", ""alpha"": 0.025, ""data_rmse"": 0.07707345485687256}, {""label"": ""bvi_alpha_0.05"", ""alpha"": 0.05, ""data_rmse"": 0.07706360518932343}, {""label"": ""bvi_alpha_0.1"", ""alpha"": 0.1, ""data_rmse"": 0.07704618573188782}, {""label"": ""bvi_alpha_0.2"", ""alpha"": 0.2, ""data_rmse"": 0.07699019461870193}]",physics_line_search,1.7881393432617188e-07,reference_ensemble_mean,,,0.07693073898553848,0.09097841382026672,0.09097841382026672,0.75,0.9784698486328125,5.0,test,"[0.0, 0.0]","[0.9078037619765382, 1.0254263877868652]","[1.0, 0.0]",0.24336442780258746,0.03,mixed_5db,49.44907522201538
,,,,,,,,,,,,0.06177427992224693,,0.4686555564403534,0.590796709060669,,,,,,,,566,,nn,,,model_567.mat,,,,0.07384958863258362,1,,,,,,,,,,,,,10.0,test,,,,,,mixed_10db,0.7400434017181396
0.02397798336733415,,0.9467620849609375,0.0032379150390624556,0.04253635106571751,-1.0804608473981028,0.3286323864528592,0.8986053466796875,7.976083234617511,,0.1860198974609375,0.05453515107754346,0.05987413227558136,,0.4785873604126436,0.5974645225075749,0.7923328281526935,0.9417351807780263,0.004721306694878472,0.004621378580729168,0.0119476318359375,,34.234271338640674,566,,mc_dropout,,,model_567.mat,0.041202226308125964,,,0.07468306531344686,1,,,,,,,,,,,,0.1719512939453125,10.0,test,,,,0.020836214244361963,,mixed_10db,1.0437052249908447
0.021040025774729007,,0.9515380859375,0.0015380859375000444,0.041879282419334446,-1.0276896142811516,0.36734875036095155,0.8394012451171875,4.708565913660769,,0.3202056884765625,0.04778218294247723,0.05592217296361923,,0.44629742062020344,0.600674087972602,0.7001492047993612,0.928991775979294,0.0067291259765625,0.0067352294921875,0.0119476318359375,,10.572505964312109,566,,deep_ensemble,,,model_567.mat,0.07801711965136046,,,0.07508426099657525,1,,,,,,,,,,,,0.2409515380859375,10.0,test,,,,0.04122379320697275,,mixed_10db,0.858208179473877
,,,,,,,,,0,,,0.05919121950864792,,0.47914326190948486,0.6000284552574158,,,,,,1.455183982849121,,566,,residual_map,,,model_567.mat,,,,0.07500355690717697,7,,,,,,1.0,0.0,,,,,,10.0,test,,,,,0.03,mixed_10db,10.28990387916565
0.019681319950658187,,0.9638824462890625,0.013882446289062544,0.04504987810909634,-1.048606537040793,0.4380662815527878,0.9589080810546875,1.912344593926287,0,0.8447723388671875,0.043126956589935636,0.06147272512316704,,0.48180162327354736,0.6050928190216373,0.8532993814577043,0.9911650715394598,0.006284757517278194,0.018935799598693848,0.0119476318359375,1.4551825523376465,-0.7719260612978336,566,,residual_laplace,,,model_567.mat,0.22907287901356946,,,0.07563660237770466,31,,,,,,2.048103325285658,20.030991862459775,,,,,0.82989501953125,10.0,test,,,,0.18340296914827567,0.03,mixed_10db,28.529227018356323
0.012486420364521317,0.08855898678302765,0.9814910888671875,0.031491088867187544,0.03805587412096634,-1.3131576577847135,0.2811027379270094,0.921630859375,0.8191470054346994,2,0.9915618896484375,0.03911768620529846,0.055922143161296844,1.8,0.4462974211104518,0.6006740881017477,0.7074585812038668,0.9826308239312137,0.008403385989367962,0.020209908485412598,0.0119476318359375,1.4367332458496094,-1.265842019130253,566,7.5,neural_bvi,1.7547653913497925,0.75,model_567.mat,0.3431651902064095,ensemble_calibrated,0.03531121090054512,0.07508426101271846,37,-1.0,"[{""label"": ""reference_ensemble_mean"", ""alpha"": null, ""data_rmse"": 0.05592217296361923}, {""label"": ""center"", ""alpha"": 0.0, ""data_rmse"": 0.05649760738015175}, {""label"": ""bvi_alpha_0.025"", ""alpha"": 0.025, ""data_rmse"": 0.05647079646587372}, {""label"": ""bvi_alpha_0.05"", ""alpha"": 0.05, ""data_rmse"": 0.05644422397017479}, {""label"": ""bvi_alpha_0.1"", ""alpha"": 0.1, ""data_rmse"": 0.056387726217508316}, {""label"": ""bvi_alpha_0.2"", ""alpha"": 0.2, ""data_rmse"": 0.056264765560626984}]",physics_line_search,1.7881393432617188e-07,reference_ensemble_mean,,,0.07218111306428909,0.08754214644432068,0.08754214644432068,0.75,0.9715576171875,10.0,test,"[0.0, 0.04062807559967041]","[1.4424916386487894, 1.4367332458496094]","[1.0, 0.75]",0.39242949921406384,0.03,mixed_10db,49.211750745773315
,,,,,,,,,,,,0.24223072826862335,,0.44156473875045776,0.657139241695404,,,,,,,,844,,nn,,,model_845.mat,,,,0.0821424052119255,1,,,,,,,,,,,,,0.0,test,,,,,,mixed_0db,0.7561542987823486
0.017103264842040323,,0.9172210693359375,0.032778930664062456,0.041219341163621304,-1.1964709174839254,0.3095982661497737,0.90350341796875,7.976083234617511,,0.22979736328125,0.05023994885498927,0.2434760481119156,,0.4405762342562904,0.6537806458095385,0.8094271644987066,0.9309474639409805,0.0066904534233940965,0.006378682454427083,0.0300750732421875,,36.60571735890623,844,,mc_dropout,,,model_845.mat,0.03881582688847267,,,0.08172258072619232,1,,,,,,,,,,,,0.212677001953125,0.0,test,,,,0.3383830852991933,,mixed_0db,1.0728175640106201
0.01574150742193317,,0.928070068359375,0.021929931640624956,0.04154919034509235,-1.1753420653670372,0.3419332568664937,0.8578948974609375,4.708565913660769,,0.379364013671875,0.04745639616510914,0.23382985591888428,,0.4441991136964816,0.6558770748812175,0.8478077405595827,0.9414336040605774,0.0062432861328125,0.0054656982421875,0.0300750732421875,,9.376791981271992,844,,deep_ensemble,,,model_845.mat,0.0726194053786549,,,0.08198463436015219,1,,,,,,,,,,,,0.26336669921875,0.0,test,,,,0.3923979991079407,,mixed_0db,0.8186221122741699
,,,,,,,,,0,,,0.23846903443336487,,0.4437465965747833,0.6594024300575256,,,,,,1.0581716299057007,,844,,residual_map,,,model_845.mat,,,,0.0824253037571907,7,,,,,,1.0,0.0,,,,,,0.0,test,,,,,0.03,mixed_0db,9.953379154205322
0.016416789342772443,,0.977325439453125,0.027325439453125044,0.04540043710260898,-1.0700633028938933,0.4858105462041222,0.977691650390625,1.912344593926287,0,0.906341552734375,0.0407629255306679,0.2368151992559433,,0.43978221788982896,0.6496233378776,0.8342754889633361,0.9616586456581974,0.007901149801909924,0.015696167945861816,0.0300750732421875,1.058181643486023,-1.0736697486532285,844,,residual_laplace,,,model_845.mat,0.25403922906112225,,,0.0812029172347,31,,,,,,2.065598020731748,10.52500119673285,,,,,0.9015045166015625,0.0,test,,,,0.3643980818913387,0.03,mixed_0db,28.822174310684204
0.019237538647957908,0.09043654799461365,0.917236328125,0.032763671874999956,0.041568930371707544,-1.1496211407286776,0.2828660102624325,0.796600341796875,0.8191470054346994,2,0.953216552734375,0.042096951524757655,0.22551704943180084,1.8,0.4476503486993817,0.6528402996201558,0.8769111063072699,0.959485033576811,0.007534387521445751,0.019246459007263184,0.0300750732421875,1.1085609197616577,-1.1753948953824238,844,7.5,neural_bvi,1.0,1.0,model_845.mat,0.34531776150768334,ensemble_calibrated,0.16712826490402222,0.08160503745251947,37,0.0,"[{""label"": ""reference_ensemble_mean"", ""alpha"": null, ""data_rmse"": 0.23382985591888428}, {""label"": ""center"", ""alpha"": 0.0, ""data_rmse"": 0.22551700472831726}, {""label"": ""bvi_alpha_0.025"", ""alpha"": 0.025, ""data_rmse"": 0.22549176216125488}, {""label"": ""bvi_alpha_0.05"", ""alpha"": 0.05, ""data_rmse"": 0.22546876966953278}, {""label"": ""bvi_alpha_0.1"", ""alpha"": 0.1, ""data_rmse"": 0.22549472749233246}, {""label"": ""bvi_alpha_0.2"", ""alpha"": 0.2, ""data_rmse"": 0.22575481235980988}]",physics_line_search,1.7881393432617188e-07,center,,,0.07352768629789352,0.08809126913547516,0.08809126913547516,0.75,0.9106597900390625,0.0,test,"[0.0, 0.0]","[1.1339038787409663, 1.1085609197616577]","[1.0, 0.0]",0.2273996542926668,0.03,mixed_0db,49.4653263092041
,,,,,,,,,,,,0.19715555012226105,,0.4441910684108734,0.6606020331382751,,,,,,,,844,,nn,,,model_845.mat,,,,0.0825752541422844,1,,,,,,,,,,,,,5.0,test,,,,,,mixed_5db,0.7542574405670166
0.016098384343546983,,0.9322967529296875,0.017703247070312456,0.04115610329558655,-1.243298798474168,0.32671526308842325,0.910125732421875,7.976083234617511,,0.226318359375,0.050159122124880676,0.19622139632701874,,0.4422354563614552,0.6573588982755131,0.8008875012061163,0.9333268402215192,0.00697813245985243,0.006748962402343749,0.0300750732421875,,31.11048826393708,844,,mc_dropout,,,model_845.mat,0.04096186731022932,,,0.08216986228443914,1,,,,,,,,,,,,0.2031707763671875,5.0,test,,,,0.37220038912763254,,mixed_5db,1.1056084632873535
0.015302301517780436,,0.9354705810546875,0.014529418945312456,0.04027469855410466,-1.1894870388152423,0.31099386064017565,0.8147125244140625,4.708565913660769,,0.3590240478515625,0.047105190315816683,0.1876283586025238,,0.4358477796410398,0.6494015054907519,0.8338297415155651,0.9390278163393592,0.0064935302734375,0.0056854248046875,0.0300750732421875,,11.013007208249988,844,,deep_ensemble,,,model_845.mat,0.06604853077367859,,,0.08117518818634399,1,,,,,,,,,,,,0.2518157958984375,5.0,test,,,,0.3927463386105694,,mixed_5db,0.8048019409179688
,,,,,,,,,0,,,0.19239528477191925,,0.45274364948272705,0.6637403964996338,,,,,,2.199596643447876,,844,,residual_map,,,model_845.mat,,,,0.08296754956245422,7,,,,,,1.0,0.0,,,,,,5.0,test,,,,,0.03,mixed_5db,10.156790494918823
0.01571765636284111,,0.9708099365234375,0.020809936523437544,0.04377222347400048,-1.1352350947373786,0.4121054213272435,0.9693145751953125,1.912344593926287,0,0.868499755859375,0.04211809237378014,0.18799130618572235,,0.46006600248122,0.6661119661467214,0.8137254879922328,0.9551449330800421,0.007504206150770187,0.008100986480712892,0.0300750732421875,2.199591875076294,-0.8889069503976518,844,,residual_laplace,,,model_845.mat,0.21549746972688333,,,0.08326399576834018,31,,,,,,2.967856436587247,31.480454680178916,,,,,0.8483428955078125,5.0,test,,,,0.4075607297310948,0.03,mixed_5db,28.864586353302002
0.01714205367136664,0.08709007501602173,0.9409027099609375,0.009097290039062456,0.04051406134723466,-1.199405509082406,0.28228392604773656,0.8183441162109375,0.8191470054346994,2,0.9561920166015625,0.040620960318978404,0.17685888707637787,1.8,0.439542545033742,0.646394458343135,0.8623162836619662,0.9693486530863652,0.008646881207823753,0.021109819412231445,0.0300750732421875,2.02445125579834,-1.2102032411518269,844,7.5,neural_bvi,1.0,1.0,model_845.mat,0.3446071635187582,ensemble_calibrated,0.09398312121629715,0.08079930729289188,37,0.0,"[{""label"": ""reference_ensemble_mean"", ""alpha"": null, ""data_rmse"": 0.1876283586025238}, {""label"": ""center"", ""alpha"": 0.0, ""data_rmse"": 0.17685838043689728}, {""label"": ""bvi_alpha_0.025"", ""alpha"": 0.025, ""data_rmse"": 0.17679888010025024}, {""label"": ""bvi_alpha_0.05"", ""alpha"": 0.05, ""data_rmse"": 0.1767611801624298}, {""label"": ""bvi_alpha_0.1"", ""alpha"": 0.1, ""data_rmse"": 0.1766905039548874}, {""label"": ""bvi_alpha_0.2"", ""alpha"": 0.2, ""data_rmse"": 0.176446333527565}]",physics_line_search,1.7881393432617188e-07,center,,,0.07314077764749527,0.087909996509552,0.087909996509552,0.75,0.9106597900390625,5.0,test,"[0.0, 0.0]","[1.9703680016100407, 2.02445125579834]","[1.0, 0.0]",0.2986234939823622,0.03,mixed_5db,49.57202911376953
,,,,,,,,,,,,0.17990052700042725,,0.4376767873764038,0.649040162563324,,,,,,,,844,,nn,,,model_845.mat,,,,0.0811300203204155,1,,,,,,,,,,,,,10.0,test,,,,,,mixed_10db,0.7267203330993652
0.016714959991966174,,0.9412078857421875,0.008792114257812456,0.04153276975145268,-1.269373461909221,0.34583233288165954,0.9299468994140625,7.976083234617511,,0.2289886474609375,0.04990941437489694,0.18046267330646515,,0.4421444477823191,0.6514052249695848,0.8110240112088027,0.9311858772782711,0.006661648220486111,0.006415812174479168,0.0300750732421875,,25.32071192041423,844,,mc_dropout,,,model_845.mat,0.043358666476919244,,,0.0814256531211981,1,,,,,,,,,,,,0.2087249755859375,10.0,test,,,,0.35834652103185544,,mixed_10db,1.0459344387054443
0.0186470681659664,,0.91656494140625,0.033435058593749956,0.0406244380079967,-0.9592473101293323,0.30169099330266985,0.7983245849609375,4.708565913660769,,0.3609161376953125,0.04694732257444685,0.17045751214027405,,0.43293460056465843,0.6458907648985684,0.8364889086233815,0.9380852296153105,0.006430664062500001,0.005694580078125,0.0300750732421875,,16.88236967429737,844,,deep_ensemble,,,model_845.mat,0.06407279815337438,,,0.08073634561232106,1,,,,,,,,,,,,0.247589111328125,10.0,test,,,,0.31519159711886413,,mixed_10db,0.8826611042022705
,,,,,,,,,0,,,0.17473599314689636,,0.44135600328445435,0.6550387144088745,,,,,,5.672713756561279,,844,,residual_map,,,model_845.mat,,,,0.08187983930110931,7,,,,,,1.0,0.0,,,,,,10.0,test,,,,,0.03,mixed_10db,10.015013933181763
0.015557506100177011,,0.9404296875,0.009570312499999956,0.04067554986085872,-1.1949184616133164,0.3056404548392492,0.9336700439453125,1.912344593926287,0,0.77606201171875,0.04184856950652598,0.17308557033538818,,0.4382845244786644,0.6532360020060266,0.8128329151495315,0.9466912087935331,0.006825621239840984,0.004020810127258301,0.0300750732421875,5.672714710235596,-0.31013778738045406,844,,residual_laplace,,,model_845.mat,0.15982498973231477,,,0.08165450025075333,31,,,,,,4.355205409531201,88.87069913305069,,,,,0.75909423828125,10.0,test,,,,0.3999383690526938,0.03,mixed_10db,28.539191722869873
0.018060508950505965,0.08315476775169373,0.927001953125,0.022998046874999956,0.04041054679861747,-1.210622578679287,0.27356790699834194,0.782501220703125,0.8191470054346994,2,0.955780029296875,0.041146401572201494,0.15921546518802643,1.8,0.43698685227408873,0.6431564111859864,0.8824289631791422,0.9808797931047941,0.0072301654145121574,0.01649153232574463,0.0300750732421875,4.702154159545898,-1.2247536388540614,844,7.5,neural_bvi,1.0,1.0,model_845.mat,0.3339668034959936,ensemble_calibrated,0.052850592881441116,0.0803945513982483,37,0.0,"[{""label"": ""reference_ensemble_mean"", ""alpha"": null, ""data_rmse"": 0.17045751214027405}, {""label"": ""center"", ""alpha"": 0.0, ""data_rmse"": 0.15921561419963837}, {""label"": ""bvi_alpha_0.025"", ""alpha"": 0.025, ""data_rmse"": 0.1590801179409027}, {""label"": ""bvi_alpha_0.05"", ""alpha"": 0.05, ""data_rmse"": 0.15898901224136353}, {""label"": ""bvi_alpha_0.1"", ""alpha"": 0.1, ""data_rmse"": 0.15874595940113068}, {""label"": ""bvi_alpha_0.2"", ""alpha"": 0.2, ""data_rmse"": 0.15826432406902313}]",physics_line_search,1.7881393432617188e-07,center,,,0.07008664309978485,0.0851956158876419,0.0851956158876419,0.75,0.8902587890625,10.0,test,"[0.0, 0.28400373458862305]","[5.209276892244816, 4.702154159545898]","[1.0, 1.0]",0.23504033325436796,0.03,mixed_10db,50.29161310195923
,,,,,,,,,,,,0.2189817577600479,,0.7066090106964111,1.1040936708450317,,,,,,,,320,,nn,,,model_321.mat,,,,0.13801170885562897,1,,,,,,,,,,,,,0.0,test,,,,,,mixed_0db,0.7799193859100342
0.018858861625045176,,0.9217071533203125,0.028292846679687456,0.06384681950401475,0.7162796611996263,0.39243459001904785,0.8592987060546875,7.976083234617511,,0.225128173828125,0.08112127441464269,0.2183046042919159,,0.6993222255129543,1.08872532877405,0.7024600613091841,0.8571995452452109,0.016863318549262152,0.016576639811197915,0.02947998046875,,143.3772213256534,320,,mc_dropout,,,model_321.mat,0.0492014161037813,,,0.13609066609675624,1,,,,,,,,,,,,0.2043914794921875,0.0,test,,,,0.5368481340408625,,mixed_0db,1.0453710556030273
0.015834678984814707,,0.92877197265625,0.021228027343749956,0.060140318644482486,-0.8028207228492437,0.4431270162616364,0.779510498046875,4.708565913660769,,0.4160919189453125,0.07149349871841992,0.2027113139629364,,0.6581984352450037,0.9884420850776119,0.7752660076421528,0.8976658661649078,0.011806640625000002,0.009954833984375001,0.02947998046875,,13.075948873510367,320,,deep_ensemble,,,model_321.mat,0.09411082359665167,,,0.12355526063470149,1,,,,,,,,,,,,0.277435302734375,0.0,test,,,,0.5892440618061755,,mixed_0db,0.8145060539245605
,,,,,,,,,0,,,0.21716874837875366,,0.7202026844024658,1.1124409437179565,,,,,,0.9111133217811584,,320,,residual_map,,,model_321.mat,,,,0.13905511796474457,7,,,,,,1.0,0.0,,,,,,0.0,test,,,,,0.03,mixed_0db,9.870189189910889
0.01971453917081566,,0.9432373046875,0.006762695312499956,0.06577959813760056,-0.744507897208658,0.48257482651676087,0.938140869140625,1.912344593926287,0,0.824951171875,0.06765716411751724,0.21850351989269257,,0.7139329868073148,1.1045517610451938,0.6698706066926396,0.8426224837350881,0.018837686628103256,0.014298200607299805,0.02947998046875,0.9111100435256958,0.08524142303934351,320,,residual_laplace,,,model_321.mat,0.25234721211333677,,,0.13806897013064923,31,,,,,,1.98175274834597,11.036748180074383,,,,,0.8140716552734375,0.0,test,,,,0.5765194939099211,0.03,mixed_0db,28.619399785995483
0.01407232986892492,0.1005416065454483,0.86370849609375,0.08629150390624996,0.06042586021365735,-0.8199625181492791,0.2827632293016119,0.7833404541015625,0.8191470054346994,2,0.93914794921875,0.06023686150347143,0.2027110755443573,1.8,0.6581984342277902,0.988442083278181,0.7812980294226164,0.910499125639324,0.01297652069479227,0.01348268985748291,0.02947998046875,0.9351922869682312,-0.9459538236137203,320,7.5,neural_bvi,1.0,1.0,model_321.mat,0.34519228835068133,ensemble_calibrated,0.16185006499290466,0.12355526040977262,37,-1.0,"[{""label"": ""reference_ensemble_mean"", ""alpha"": null, ""data_rmse"": 0.2027113139629364}, {""label"": ""center"", ""alpha"": 0.0, ""data_rmse"": 0.2062906175851822}, {""label"": ""bvi_alpha_0.025"", ""alpha"": 0.025, ""data_rmse"": 0.20615579187870026}, {""label"": ""bvi_alpha_0.05"", ""alpha"": 0.05, ""data_rmse"": 0.2060246616601944}, {""label"": ""bvi_alpha_0.1"", ""alpha"": 0.1, ""data_rmse"": 0.20598004758358002}, {""label"": ""bvi_alpha_0.2"", ""alpha"": 0.2, ""data_rmse"": 0.20564904808998108}]",physics_line_search,1.7881393432617188e-07,reference_ensemble_mean,,,0.07310350239276886,0.08805926144123077,0.08805926144123077,0.75,0.8648681640625,0.0,test,"[0.0, 0.0]","[1.0037347711622715, 0.9351922869682312]","[1.0, 0.0]",0.6140293052971498,0.03,mixed_0db,50.224053382873535
,,,,,,,,,,,,0.17176572978496552,,0.6819127798080444,1.0649206638336182,,,,,,,,320,,nn,,,model_321.mat,,,,0.13311508297920227,1,,,,,,,,,,,,,5.0,test,,,,,,mixed_5db,0.7575373649597168
0.018342780575081524,,0.9076690673828125,0.042330932617187456,0.06152954641848096,0.7371975553849168,0.390709997628532,0.8865966796875,7.976083234617511,,0.210174560546875,0.07808153316507703,0.17190995812416077,,0.6754452488610089,1.0548193968056372,0.7084499369532182,0.8581566838967248,0.01681121826171875,0.016392008463541666,0.02947998046875,,144.95589408527786,320,,mc_dropout,,,model_321.mat,0.04898519559381692,,,0.13185242460070465,1,,,,,,,,,,,,0.1939544677734375,5.0,test,,,,0.5472856040063638,,mixed_5db,0.9957294464111328
0.014285718958153443,,0.927032470703125,0.022967529296874956,0.05952642745236784,-0.8935758479970305,0.42049462303915397,0.748260498046875,4.708565913660769,,0.3905181884765625,0.07203243157766678,0.15023131668567657,,0.6598571427536172,0.9885799853786619,0.7732590971012465,0.897123414897796,0.011878051757812499,0.010147094726562498,0.02947998046875,,12.375289982563977,320,,deep_ensemble,,,model_321.mat,0.08930418110099272,,,0.12357249817233273,1,,,,,,,,,,,,0.25323486328125,5.0,test,,,,0.615857328082065,,mixed_5db,0.8772997856140137
,,,,,,,,,0,,,0.16877976059913635,,0.6948089599609375,1.0707253217697144,,,,,,1.7543623447418213,,320,,residual_map,,,model_321.mat,,,,0.1338406652212143,7,,,,,,1.0,0.0,,,,,,5.0,test,,,,,0.03,mixed_5db,10.309274673461914
0.020132597939011815,,0.9262542724609375,0.023745727539062456,0.06321175956117762,-0.7245023644222659,0.40623452778828717,0.9198760986328125,1.912344593926287,0,0.765838623046875,0.06697616865629262,0.16893230378627777,,0.6962479900118934,1.0672990016823494,0.6859009716925822,0.849026550701982,0.017806485295295715,0.012507438659667967,0.02947998046875,1.7543491125106812,0.6102913253717226,320,,residual_laplace,,,model_321.mat,0.212427472086135,,,0.13341237521029367,31,,,,,,2.93873158850369,33.33341708385759,,,,,0.7464141845703125,5.0,test,,,,0.5304803721967543,0.03,mixed_5db,28.652876615524292
0.012572991050001809,0.10600100457668304,0.882904052734375,0.06709594726562496,0.05985089437186106,-0.8873928020875088,0.28802753815296145,0.78802490234375,0.8191470054346994,2,0.9590606689453125,0.05884611694135981,0.15023134648799896,1.8,0.6598571429819415,0.9885799864563222,0.7722577951653035,0.8927489423103591,0.013180369511246681,0.01710796356201172,0.02947998046875,1.5849944353103638,-0.9877092822414509,320,7.5,neural_bvi,1.0,1.0,model_321.mat,0.35161886235561945,ensemble_calibrated,0.09101498126983643,0.12357249830704027,37,-1.0,"[{""label"": ""reference_ensemble_mean"", ""alpha"": null, ""data_rmse"": 0.15023131668567657}, {""label"": ""center"", ""alpha"": 0.0, ""data_rmse"": 0.15518739819526672}, {""label"": ""bvi_alpha_0.025"", ""alpha"": 0.025, ""data_rmse"": 0.15510788559913635}, {""label"": ""bvi_alpha_0.05"", ""alpha"": 0.05, ""data_rmse"": 0.15491381287574768}, {""label"": ""bvi_alpha_0.1"", ""alpha"": 0.1, ""data_rmse"": 0.15472158789634705}, {""label"": ""bvi_alpha_0.2"", ""alpha"": 0.2, ""data_rmse"": 0.15408973395824432}]",physics_line_search,1.7881393432617188e-07,reference_ensemble_mean,,,0.07502152025699615,0.08969869464635849,0.08969869464635849,0.75,0.8899993896484375,5.0,test,"[0.0, 0.33686888217926025]","[1.5513454214669764, 1.5849944353103638]","[1.0, 1.0]",0.6552077910897798,0.03,mixed_5db,50.761210918426514
,,,,,,,,,,,,0.1524740606546402,,0.6866307854652405,1.0723408460617065,,,,,,,,320,,nn,,,model_321.mat,,,,0.13404260575771332,1,,,,,,,,,,,,,10.0,test,,,,,,mixed_10db,0.7743198871612549
0.02054584416229721,,0.8781890869140625,0.07181091308593746,0.062422443094222194,0.6837566294888142,0.38198595765342125,0.8505859375,7.976083234617511,,0.2032928466796875,0.07908871029571278,0.15145640075206757,,0.6823696596971558,1.0623587982127458,0.7017237527437247,0.8558170790005916,0.01709842258029514,0.016831461588541666,0.02947998046875,,142.74486907809813,320,,mc_dropout,,,model_321.mat,0.04789142068823815,,,0.13279484977659323,1,,,,,,,,,,,,0.1927490234375,10.0,test,,,,0.4982115637358015,,mixed_10db,1.0464298725128174
0.01610121356386921,,0.894622802734375,0.055377197265624956,0.06030206485177579,-0.7947062623369574,0.414385156384474,0.76068115234375,4.708565913660769,,0.3704986572265625,0.07238658027319843,0.12811535596847534,,0.6613785939131958,0.9938664719774369,0.7585699286301957,0.8887897959267377,0.0123333740234375,0.010537719726562499,0.02947998046875,,14.880175675754675,320,,deep_ensemble,,,model_321.mat,0.08800665933813279,,,0.12423330899717962,1,,,,,,,,,,,,0.2457733154296875,10.0,test,,,,0.5782421677060369,,mixed_10db,0.9304094314575195
,,,,,,,,,0,,,0.14975117146968842,,0.7004330158233643,1.079521894454956,,,,,,4.310214519500732,,320,,residual_map,,,model_321.mat,,,,0.1349402368068695,7,,,,,,1.0,0.0,,,,,,10.0,test,,,,,0.03,mixed_10db,9.938830614089966
0.020914642705549887,,0.8724212646484375,0.07757873535156246,0.06421882160074749,-0.3879165163373234,0.30500848980392964,0.8677215576171875,1.912344593926287,0,0.6067962646484375,0.07023639035421124,0.14920057356357574,,0.6970013916862827,1.0742706748552853,0.6833160464047379,0.833740619364148,0.017940972931683064,0.015448212623596191,0.02947998046875,4.3102126121521,2.6088234340962,320,,residual_laplace,,,model_321.mat,0.15949452353828755,,,0.13428383435691066,31,,,,,,4.268217513212289,97.14798271468166,,,,,0.5853424072265625,10.0,test,,,,0.5099289530610925,0.03,mixed_10db,28.71400237083435
0.014439598000487964,0.10400903224945068,0.875335693359375,0.07466430664062496,0.06007978746467362,-0.854437327482152,0.2910702947440985,0.8072662353515625,0.8191470054346994,2,0.94989013671875,0.05987069378109883,0.12811560928821564,1.8,0.6613785936904009,0.9938664729323562,0.7703215344706358,0.9019602991556321,0.013369566760957241,0.014638304710388184,0.02947998046875,4.208978652954102,-0.9652481703902603,320,7.5,neural_bvi,1.0,1.0,model_321.mat,0.35533340513115264,ensemble_calibrated,0.051181480288505554,0.12423330911654452,37,-1.0,"[{""label"": ""reference_ensemble_mean"", ""alpha"": null, ""data_rmse"": 0.12811535596847534}, {""label"": ""center"", ""alpha"": 0.0, ""data_rmse"": 0.13371896743774414}, {""label"": ""bvi_alpha_0.025"", ""alpha"": 0.025, ""data_rmse"": 0.1336662471294403}, {""label"": ""bvi_alpha_0.05"", ""alpha"": 0.05, ""data_rmse"": 0.13362354040145874}, {""label"": ""bvi_alpha_0.1"", ""alpha"": 0.1, ""data_rmse"": 0.13354845345020294}, {""label"": ""bvi_alpha_0.2"", ""alpha"": 0.2, ""data_rmse"": 0.13313835859298706}]",physics_line_search,2.384185791015625e-07,reference_ensemble_mean,,,0.07594971358776093,0.09064628183841705,0.09064628183841705,0.75,0.8698577880859375,10.0,test,"[0.0, 0.0]","[3.465987090021372, 4.208978652954102]","[1.0, 0.0]",0.6122565183202427,0.03,mixed_10db,49.963064432144165
,,,,,,,,,,,,0.26283326745033264,,0.4950476288795471,0.7305142879486084,,,,,,,,63,,nn,,,model_64.mat,,,,0.09131428599357605,1,,,,,,,,,,,,,0.0,test,,,,,,mixed_0db,0.757573127746582
0.018502411407653963,,0.9171600341796875,0.032839965820312456,0.04500394811764501,-1.1790855970719691,0.31590447701087565,0.8949432373046875,7.976083234617511,,0.21630859375,0.05671548738120828,0.2619890570640564,,0.4941799878834673,0.7298080599611949,0.8105099886199666,0.9406473098010321,0.009748619927300348,0.009384663899739581,0.0313568115234375,,34.7584736059251,63,,mc_dropout,,,model_64.mat,0.03960646694988188,,,0.09122600749514936,1,,,,,,,,,,,,0.197235107421875,0.0,test,,,,0.3411872711448047,,mixed_0db,1.0559930801391602
0.020540758661196073,,0.879913330078125,0.07008666992187496,0.04623797087696094,-0.7302762646811246,0.31681628799101985,0.7643280029296875,4.708565913660769,,0.3330230712890625,0.053669175773287635,0.24889050424098969,,0.4899885868759611,0.7147830657343496,0.8103598963856987,0.9559202705670004,0.00832763671875,0.006555175781249999,0.0313568115234375,,22.025345968545423,63,,deep_ensemble,,,model_64.mat,0.06728509142751478,,,0.0893478832167937,1,,,,,,,,,,,,0.21942138671875,0.0,test,,,,0.3203745980132502,,mixed_0db,0.8468644618988037
,,,,,,,,,0,,,0.25831738114356995,,0.4924256503582001,0.7317478060722351,,,,,,0.9234557151794434,,63,,residual_map,,,model_64.mat,,,,0.09146847575902939,7,,,,,,1.0,0.0,,,,,,0.0,test,,,,,0.03,mixed_0db,10.029400825500488
0.013452898894473101,,0.9838714599609375,0.033871459960937544,0.04779214101107723,-1.0612077389331942,0.48805440082084334,0.982177734375,1.912344593926287,0,0.909576416015625,0.04469127159449939,0.261256605386734,,0.49718532366816426,0.7321426246450908,0.8608672991892866,0.9690014725941908,0.009943225421011448,0.014177680015563963,0.0313568115234375,0.9235067367553711,-1.086505364825602,63,,residual_laplace,,,model_64.mat,0.25521258176107053,,,0.09151782808063635,31,,,,,,2.0833615811719968,10.835136850310606,,,,,0.897430419921875,0.0,test,,,,0.5436286830340595,0.03,mixed_0db,28.49553394317627
0.01605682040944112,0.08809030055999756,0.9205169677734375,0.029483032226562456,0.04459635050396214,-1.2166867846367497,0.2891695478934051,0.841949462890625,0.8191470054346994,2,0.9711761474609375,0.044595993510960066,0.24870188534259796,1.8,0.5000229114312118,0.7195922324341157,0.8704030487758976,0.9936262937612499,0.00884146336466074,0.019279837608337402,0.0313568115234375,1.0768648386001587,-1.2067026029766859,63,7.5,neural_bvi,1.0,1.0,model_64.mat,0.3530130074026829,ensemble_calibrated,0.19328688085079193,0.08994902905426447,37,0.2,"[{""label"": ""reference_ensemble_mean"", ""alpha"": null, ""data_rmse"": 0.24889050424098969}, {""label"": ""center"", ""alpha"": 0.0, ""data_rmse"": 0.2490226924419403}, {""label"": ""bvi_alpha_0.025"", ""alpha"": 0.025, ""data_rmse"": 0.2489524781703949}, {""label"": ""bvi_alpha_0.05"", ""alpha"": 0.05, ""data_rmse"": 0.2489020973443985}, {""label"": ""bvi_alpha_0.1"", ""alpha"": 0.1, ""data_rmse"": 0.24888382852077484}, {""label"": ""bvi_alpha_0.2"", ""alpha"": 0.2, ""data_rmse"": 0.24870188534259796}]",physics_line_search,1.7881393432617188e-07,bvi_alpha_0.2,,,0.07547327131032944,0.09005434066057205,0.09005434066057205,0.75,0.899993896484375,0.0,test,"[0.0, 0.07079863548278809]","[0.9717114893719554, 1.0768648386001587]","[1.0, 1.0]",0.42690333638756317,0.03,mixed_0db,50.07295560836792
,,,,,,,,,,,,0.1988484263420105,,0.5096531510353088,0.7429491877555847,,,,,,,,63,,nn,,,model_64.mat,,,,0.09286864846944809,1,,,,,,,,,,,,,5.0,test,,,,,,mixed_5db,0.7543079853057861
0.01712403687893886,,0.93292236328125,0.017077636718749956,0.04595677323644005,-1.097630950148908,0.3310983757635253,0.9120025634765625,7.976083234617511,,0.2162933349609375,0.05850085065847595,0.19848161935806274,,0.5106132634469267,0.7449164289112662,0.8233715686263984,0.9503478807824599,0.00934658474392361,0.009016927083333338,0.0313568115234375,,37.36702068731486,63,,mc_dropout,,,model_64.mat,0.0415113992622894,,,0.09311455361390827,1,,,,,,,,,,,,0.1966705322265625,5.0,test,,,,0.397641250334606,,mixed_5db,1.0148890018463135
0.019153355517518077,,0.8930206298828125,0.056979370117187456,0.04659260747015108,-0.6697468722690345,0.3180416216588474,0.777740478515625,4.708565913660769,,0.321014404296875,0.05488259329314814,0.1852106750011444,,0.5001085572876491,0.7256018862116823,0.8299453920015778,0.9637162810291227,0.0077630615234375,0.006246948242187501,0.0313568115234375,,23.28068543050415,63,,deep_ensemble,,,model_64.mat,0.06754532643792083,,,0.09070023577646029,1,,,,,,,,,,,,0.2159423828125,5.0,test,,,,0.3902471923448235,,mixed_5db,0.8511710166931152
,,,,,,,,,0,,,0.19280776381492615,,0.5037895441055298,0.7424557209014893,,,,,,1.6231106519699097,,63,,residual_map,,,model_64.mat,,,,0.09280696511268616,7,,,,,,1.0,0.0,,,,,,5.0,test,,,,,0.03,mixed_5db,9.939658164978027
0.015140535756767331,,0.9738616943359375,0.023861694335937544,0.04675241167188043,-1.1083290833921373,0.4150375321106271,0.96832275390625,1.912344593926287,0,0.833251953125,0.04648600111844199,0.19575339555740356,,0.5035964661295047,0.7393820911702911,0.86726027692415,0.9638192219592804,0.009457251988351345,0.010293602943420412,0.0313568115234375,1.6230907440185547,-0.8349055135410632,63,,residual_laplace,,,model_64.mat,0.21703072435135004,,,0.09242276139628638,31,,,,,,3.154913988093981,32.91939809257103,,,,,0.818389892578125,5.0,test,,,,0.5003110588913144,0.03,mixed_5db,28.718446254730225
0.015901070674148327,0.08941709995269775,0.92779541015625,0.022204589843749956,0.045322053090880436,-1.2112531542611724,0.293512485931454,0.871002197265625,0.8191470054346994,2,0.9757080078125,0.04524018986747555,0.18490955233573914,1.8,0.5090903467359622,0.7296954913694969,0.8963373262212372,0.9964225861246834,0.00844339095056057,0.02210211753845215,0.0313568115234375,1.8072025775909424,-1.1990222845335483,63,7.5,neural_bvi,1.7547653913497925,0.75,model_64.mat,0.35831478841297215,ensemble_calibrated,0.1086931973695755,0.0912119364211871,37,0.2,"[{""label"": ""reference_ensemble_mean"", ""alpha"": null, ""data_rmse"": 0.1852106750011444}, {""label"": ""center"", ""alpha"": 0.0, ""data_rmse"": 0.18595333397388458}, {""label"": ""bvi_alpha_0.025"", ""alpha"": 0.025, ""data_rmse"": 0.18579228222370148}, {""label"": ""bvi_alpha_0.05"", ""alpha"": 0.05, ""data_rmse"": 0.18565966188907623}, {""label"": ""bvi_alpha_0.1"", ""alpha"": 0.1, ""data_rmse"": 0.18537785112857819}, {""label"": ""bvi_alpha_0.2"", ""alpha"": 0.2, ""data_rmse"": 0.18490999937057495}]",physics_line_search,1.7881393432617188e-07,bvi_alpha_0.2,,,0.07719878852367401,0.09140683710575104,0.09140683710575104,0.75,0.937530517578125,5.0,test,"[0.0, 0.049028873443603516]","[1.5883293859660625, 1.8072025775909424]","[1.0, 0.75]",0.4501720046343185,0.03,mixed_5db,49.868966817855835
,,,,,,,,,,,,0.18414592742919922,,0.4965985417366028,0.7355021238327026,,,,,,,,63,,nn,,,model_64.mat,,,,0.09193776547908783,1,,,,,,,,,,,,,10.0,test,,,,,,mixed_10db,0.7361123561859131
0.018507296558138858,,0.9264068603515625,0.023593139648437456,0.045464458914864045,-1.1109436092843235,0.3249329046269842,0.895416259765625,7.976083234617511,,0.23028564453125,0.05690354389576779,0.1837904006242752,,0.49692733632549557,0.7355204284117225,0.8117596723341025,0.945751536438801,0.009281175401475696,0.009007771809895832,0.0313568115234375,,37.76460082995004,63,,mc_dropout,,,model_64.mat,0.04073840442961278,,,0.09194005355146531,1,,,,,,,,,,,,0.2078704833984375,10.0,test,,,,0.3520332048739368,,mixed_10db,1.0254731178283691
0.018921769814895274,,0.9027252197265625,0.047274780273437456,0.046187842234206716,-0.6082342770129862,0.32175230572775515,0.7754364013671875,4.708565913660769,,0.3321685791015625,0.05417963275651345,0.16398736834526062,,0.49604812284937905,0.7220735835207497,0.8202437230731175,0.9591205154359461,0.00806396484375,0.0062622070312500005,0.0313568115234375,,24.458092082062574,63,,deep_ensemble,,,model_64.mat,0.06833339740922298,,,0.09025919794009371,1,,,,,,,,,,,,0.21759033203125,10.0,test,,,,0.38520181795313374,,mixed_10db,0.8437192440032959
,,,,,,,,,0,,,0.17624996602535248,,0.49426859617233276,0.7396891713142395,,,,,,4.312745571136475,,63,,residual_map,,,model_64.mat,,,,0.09246114641427994,7,,,,,,1.0,0.0,,,,,,10.0,test,,,,,0.03,mixed_10db,9.92409896850586
0.014837586942222956,,0.9385528564453125,0.011447143554687456,0.044681337801290744,-1.1397009238087659,0.3007073548064258,0.9317626953125,1.912344593926287,0,0.7198944091796875,0.047502752790601926,0.17761383950710297,,0.4932643779400072,0.7372125372906585,0.8398551017771139,0.9512581058125291,0.009519090875983238,0.005818843841552732,0.0313568115234375,4.310569763183594,-0.07986419983041232,63,,residual_laplace,,,model_64.mat,0.1572453814235308,,,0.09215156716133231,31,,,,,,4.880453813708704,110.35822357332225,,,,,0.6987152099609375,10.0,test,,,,0.496477344385998,0.03,mixed_10db,28.775217056274414
0.016179149874510388,0.0851707011461258,0.9202423095703125,0.029757690429687456,0.04451894677822797,-1.1889222397875836,0.28687489527223775,0.8537750244140625,0.8191470054346994,2,0.963409423828125,0.04511021851684514,0.1639874428510666,1.8,0.496048123010258,0.7220735830506707,0.8611277872503359,0.9907738779321713,0.009590046480298042,0.02206587791442871,0.0313568115234375,3.967837333679199,-1.1933549009338167,63,7.5,neural_bvi,1.0,1.0,model_64.mat,0.3502117365612548,ensemble_calibrated,0.06112268194556236,0.09025919788133384,37,-1.0,"[{""label"": ""reference_ensemble_mean"", ""alpha"": null, ""data_rmse"": 0.16398736834526062}, {""label"": ""center"", ""alpha"": 0.0, ""data_rmse"": 0.16538214683532715}, {""label"": ""bvi_alpha_0.025"", ""alpha"": 0.025, ""data_rmse"": 0.16530904173851013}, {""label"": ""bvi_alpha_0.05"", ""alpha"": 0.05, ""data_rmse"": 0.16519136726856232}, {""label"": ""bvi_alpha_0.1"", ""alpha"": 0.1, ""data_rmse"": 0.16512490808963776}, {""label"": ""bvi_alpha_0.2"", ""alpha"": 0.2, ""data_rmse"": 0.1649530529975891}]",physics_line_search,1.7881393432617188e-07,reference_ensemble_mean,,,0.0742546021938324,0.0893397331237793,0.0893397331237793,0.75,0.9146270751953125,10.0,test,"[0.0, 0.7082509994506836]","[3.87649753986625, 3.967837333679199]","[1.0, 1.0]",0.4581773303685771,0.03,mixed_10db,49.70339393615723
,,,,,,,,,,,,0.13405318558216095,,0.6243430376052856,0.7677936553955078,,,,,,,,425,,nn,,,model_426.mat,,,,0.09597420692443848,1,,,,,,,,,,,,,0.0,test,,,,,,mixed_0db,0.7430217266082764
0.030612877363406645,,0.8943939208984375,0.055606079101562456,0.055524407340722455,-0.7372778461344741,0.3368095462559956,0.8382110595703125,7.976083234617511,,0.12237548828125,0.07336068558257462,0.13346748054027557,,0.6314408623332155,0.7742260061431897,0.9237488999863694,0.9818496614294461,0.007353769938151041,0.007107035319010418,0.03070068359375,,53.88504066160749,425,,mc_dropout,,,model_426.mat,0.04222743624079364,,,0.09677825076789871,1,,,,,,,,,,,,0.1088104248046875,0.0,test,,,,0.03812638773683553,,mixed_0db,1.000197172164917
0.024338248581240746,,0.9235076904296875,0.026492309570312456,0.052870352695718034,-0.8843886511877785,0.39708841556754304,0.79608154296875,4.708565913660769,,0.2775115966796875,0.06524453619200586,0.1287786215543747,,0.6005998769664983,0.7546013045485059,0.910778796338972,0.9751587915989987,0.006510620117187501,0.0055816650390625,0.03070068359375,,10.683072956442132,425,,deep_ensemble,,,model_426.mat,0.08433319673587988,,,0.09432516306856324,1,,,,,,,,,,,,0.181121826171875,0.0,test,,,,0.26216124406192837,,mixed_0db,0.8041419982910156
,,,,,,,,,0,,,0.13343572616577148,,0.6237771511077881,0.7661879658699036,,,,,,0.7123565077781677,,425,,residual_map,,,model_426.mat,,,,0.09577349573373795,7,,,,,,1.0,0.0,,,,,,0.0,test,,,,,0.03,mixed_0db,10.174607992172241
0.025820995467319103,,0.9702301025390625,0.020230102539062544,0.05821822711760259,-0.7979329442491943,0.5485044679171416,0.967803955078125,1.912344593926287,0,0.822662353515625,0.056728562922629996,0.13356027007102966,,0.6342421512696603,0.7743174804939853,0.9260670527493677,0.9872001814126262,0.011917687952518463,0.038541316986083984,0.03070068359375,0.7123515009880066,-0.4764617252345398,425,,residual_laplace,,,model_426.mat,0.28682302868171633,,,0.09678968506174816,31,,,,,,1.5557988594710832,2.067640833873706,,,,,0.808685302734375,0.0,test,,,,0.19205271802985874,0.03,mixed_0db,28.28679060935974
0.025053596048640922,0.09639037400484085,0.9486236572265625,0.0013763427734374556,0.050811642603315055,-0.9117220313755326,0.31848398623954133,0.8716888427734375,0.8191470054346994,2,0.9636993408203125,0.052271129494430274,0.1284206658601761,1.8,0.5803331080481691,0.7348433853828804,0.9391376383882588,0.9945859444429075,0.008906694129109383,0.03656625747680664,0.03070068359375,0.8362631797790527,-0.947540728496517,425,7.5,neural_bvi,1.0,1.0,model_426.mat,0.3887995489534023,ensemble_calibrated,0.11281090974807739,0.09185542317286005,37,0.0,"[{""label"": ""reference_ensemble_mean"", ""alpha"": null, ""data_rmse"": 0.1287786215543747}, {""label"": ""center"", ""alpha"": 0.0, ""data_rmse"": 0.12842053174972534}, {""label"": ""bvi_alpha_0.025"", ""alpha"": 0.025, ""data_rmse"": 0.1284225583076477}, {""label"": ""bvi_alpha_0.05"", ""alpha"": 0.05, ""data_rmse"": 0.12842217087745667}, {""label"": ""bvi_alpha_0.1"", ""alpha"": 0.1, ""data_rmse"": 0.1284150779247284}, {""label"": ""bvi_alpha_0.2"", ""alpha"": 0.2, ""data_rmse"": 0.1284075677394867}]",physics_line_search,1.7881393432617188e-07,center,,,0.08632616698741913,0.09918355941772461,0.09918355941772461,0.75,0.9300689697265625,0.0,test,"[0.0, 0.02405703067779541]","[0.7771832700818777, 0.8362631797790527]","[1.0, 1.0]",0.22165639747470361,0.03,mixed_0db,47.30791187286377
,,,,,,,,,,,,0.09644097834825516,,0.6036667823791504,0.7533885836601257,,,,,,,,425,,nn,,,model_426.mat,,,,0.09417357295751572,1,,,,,,,,,,,,,5.0,test,,,,,,mixed_5db,0.7781376838684082
0.03355692774225303,,0.920379638671875,0.029620361328124956,0.053311852460173614,-0.8369923628741499,0.3559739424816965,0.8567657470703125,7.976083234617511,,0.1735076904296875,0.06909656847079093,0.09540458768606186,,0.5985598928548446,0.7460956565976951,0.9284495016634956,0.984015465171317,0.006608123779296876,0.006244405110677088,0.03070068359375,,44.12388108538762,425,,mc_dropout,,,model_426.mat,0.04463016896879403,,,0.09326195707471188,1,,,,,,,,,,,,0.1597137451171875,5.0,test,,,,-0.04706960988859429,,mixed_5db,1.0148699283599854
0.02217193312431224,,0.9602813720703125,0.010281372070312544,0.05191022207072962,-0.9199773980787146,0.4014826289635084,0.78692626953125,4.708565913660769,,0.2764434814453125,0.06442722293319092,0.08977264165878296,,0.5946363409289915,0.7422407718364952,0.9224656068383477,0.9749215532633805,0.006279296875,0.005566406250000001,0.03070068359375,,9.56526920551873,425,,deep_ensemble,,,model_426.mat,0.08526643488606252,,,0.0927800964795619,1,,,,,,,,,,,,0.180572509765625,5.0,test,,,,0.27182057690880207,,mixed_5db,0.8043828010559082
,,,,,,,,,0,,,0.09460750222206116,,0.6036750674247742,0.7497397065162659,,,,,,1.1508700847625732,,425,,residual_map,,,model_426.mat,,,,0.09371746331453323,7,,,,,,1.0,0.0,,,,,,5.0,test,,,,,0.03,mixed_5db,9.992276668548584
0.030085269831336896,,0.9536895751953125,0.0036895751953125444,0.05723474962221077,-0.7851428491059487,0.5115660316638075,0.9477996826171875,1.912344593926287,0,0.767364501953125,0.056402174110705625,0.094394251704216,,0.610749674335402,0.7557062116086614,0.9163920115355602,0.9852529398885322,0.011298724450170994,0.03751504421234131,0.03070068359375,1.1507984399795532,-0.23879154856520732,425,,residual_laplace,,,model_426.mat,0.2675072440519364,,,0.09446327645108267,31,,,,,,1.7100027963435616,6.105811751523274,,,,,0.7503662109375,5.0,test,,,,0.06427631601006713,0.03,mixed_5db,28.687934160232544
0.024287719105816202,0.09216974675655365,0.93023681640625,0.019763183593749956,0.049951562867953186,-0.9272436105105253,0.30570828087191804,0.8250885009765625,0.8191470054346994,2,0.968353271484375,0.05058087438233402,0.08932013064622879,1.8,0.5737791125947016,0.7219932350843327,0.9465419937844983,0.9963288557803734,0.008171072229743004,0.02804875373840332,0.03070068359375,1.1817817687988281,-0.972052990142198,425,7.5,neural_bvi,1.0,1.0,model_426.mat,0.37320319654917966,ensemble_calibrated,0.06343823671340942,0.09024915438554158,37,0.0,"[{""label"": ""reference_ensemble_mean"", ""alpha"": null, ""data_rmse"": 0.08977264165878296}, {""label"": ""center"", ""alpha"": 0.0, ""data_rmse"": 0.08931995928287506}, {""label"": ""bvi_alpha_0.025"", ""alpha"": 0.025, ""data_rmse"": 0.08929659426212311}, {""label"": ""bvi_alpha_0.05"", ""alpha"": 0.05, ""data_rmse"": 0.08927232027053833}, {""label"": ""bvi_alpha_0.1"", ""alpha"": 0.1, ""data_rmse"": 0.0892234742641449}, {""label"": ""bvi_alpha_0.2"", ""alpha"": 0.2, ""data_rmse"": 0.08911406993865967}]",physics_line_search,1.7881393432617188e-07,center,,,0.081601083278656,0.0952049046754837,0.0952049046754837,0.75,0.9190826416015625,5.0,test,"[0.0, 0.0]","[1.170809669420123, 1.1817817687988281]","[1.0, 0.0]",0.20132605643389534,0.03,mixed_5db,47.664649963378906
,,,,,,,,,,,,0.07996414601802826,,0.6111639738082886,0.7566166520118713,,,,,,,,425,,nn,,,model_426.mat,,,,0.09457708150148392,1,,,,,,,,,,,,,10.0,test,,,,,,mixed_10db,0.7223718166351318
0.030612260940210967,,0.84893798828125,0.10106201171874996,0.05470957156111214,-0.8022691369058684,0.32581334457877836,0.8118896484375,7.976083234617511,,0.1381072998046875,0.07114016494428863,0.07868709415197372,,0.6116678033768495,0.7561984237477355,0.9223944602349421,0.9783602553184138,0.0070861138237847225,0.006609090169270837,0.03070068359375,,52.70849110697025,425,,mc_dropout,,,model_426.mat,0.04084878943471197,,,0.09452480296846694,1,,,,,,,,,,,,0.123779296875,10.0,test,,,,-0.004870968013198348,,mixed_10db,0.9852890968322754
0.02211350396628998,,0.95184326171875,0.0018432617187500444,0.05369309675792509,-0.9329517787840884,0.4033554055318238,0.7834320068359375,4.708565913660769,,0.25299072265625,0.06746140225152203,0.07097144424915314,,0.6207928080494639,0.7692860335777102,0.91968883102557,0.9756553243976729,0.0067059326171875,0.0061370849609375,0.03070068359375,,9.151588213328807,425,,deep_ensemble,,,model_426.mat,0.08566417311571164,,,0.09616075419721377,1,,,,,,,,,,,,0.177703857421875,10.0,test,,,,0.30089966740860563,,mixed_10db,0.7860875129699707
,,,,,,,,,0,,,0.0778208002448082,,0.6055962443351746,0.7527376413345337,,,,,,2.500277280807495,,425,,residual_map,,,model_426.mat,,,,0.09409220516681671,7,,,,,,1.0,0.0,,,,,,10.0,test,,,,,0.03,mixed_10db,9.746699810028076
0.029953261986706878,,0.93975830078125,0.010241699218749956,0.05638248844332441,-0.7908274173883295,0.4547056195525641,0.93182373046875,1.912344593926287,0,0.7048187255859375,0.05737283600170334,0.0771525502204895,,0.6116331800739836,0.7562058389112444,0.9215798514884784,0.9851300037755959,0.010476275347173214,0.031021475791931152,0.03070068359375,2.500267744064331,0.06719015669178122,425,,residual_laplace,,,model_426.mat,0.23777389344847666,,,0.09452572986390555,31,,,,,,2.3487338219828557,18.892280570200313,,,,,0.69207763671875,10.0,test,,,,0.04147950738633018,0.03,mixed_10db,28.8142147064209
0.02366236545415507,0.08970929682254791,0.90765380859375,0.042346191406249956,0.05214949961105,-0.8956557509510822,0.2980398500455882,0.8023223876953125,0.8191470054346994,2,0.95941162109375,0.05228104195423267,0.07033906877040863,1.8,0.5995635178851302,0.7485305679116424,0.9463321011806688,0.9973322530968712,0.007412447594106197,0.022392868995666507,0.03070068359375,2.097601890563965,-0.9584732224982367,425,7.5,neural_bvi,1.0,1.0,model_426.mat,0.36384171347538086,ensemble_calibrated,0.03567393869161606,0.0935663209889553,37,0.0,"[{""label"": ""reference_ensemble_mean"", ""alpha"": null, ""data_rmse"": 0.07097144424915314}, {""label"": ""center"", ""alpha"": 0.0, ""data_rmse"": 0.07033894211053848}, {""label"": ""bvi_alpha_0.025"", ""alpha"": 0.025, ""data_rmse"": 0.07031048834323883}, {""label"": ""bvi_alpha_0.05"", ""alpha"": 0.05, ""data_rmse"": 0.07027324289083481}, {""label"": ""bvi_alpha_0.1"", ""alpha"": 0.1, ""data_rmse"": 0.07023948431015015}, {""label"": ""bvi_alpha_0.2"", ""alpha"": 0.2, ""data_rmse"": 0.0701553151011467}]",physics_line_search,1.7881393432617188e-07,center,,,0.07886387407779694,0.09281675517559052,0.09281675517559052,0.75,0.89752197265625,10.0,test,"[0.0, 0.08684325218200684]","[2.137533509725472, 2.097601890563965]","[1.0, 1.0]",0.2406944314355428,0.03,mixed_10db,47.5691180229187
,,,,,,,,,,,,0.21927931904792786,,0.4267536401748657,0.5460045337677002,,,,,,,,778,,nn,,,model_779.mat,,,,0.06825056672096252,1,,,,,,,,,,,,,0.0,test,,,,,,mixed_0db,0.7803189754486084
0.011606655684451642,,0.9899749755859375,0.039974975585937544,0.036778378983844964,-1.255966473362648,0.3215799842685438,0.9881744384765625,7.976083234617511,,0.1581573486328125,0.04867233922747939,0.21947699785232544,,0.4313619875322729,0.550424092309758,0.9102184974314658,0.9788587864622674,0.005334862603081598,0.005140686035156251,0.026275634765625,,22.91055351349153,778,,mc_dropout,,,model_779.mat,0.04031803265201536,,,0.06880301153871975,1,,,,,,,,,,,,0.1468658447265625,0.0,test,,,,0.4149271770879877,,mixed_0db,1.072077989578247
0.016312189611023136,,0.9860382080078125,0.036038208007812544,0.035747060955271026,-1.2986175704191418,0.3785148540512152,0.9302520751953125,4.708565913660769,,0.418121337890625,0.03816121992880312,0.20958884060382843,,0.3719703718785695,0.48987817306101217,0.9454323654905348,0.9873936901113635,0.004682617187500001,0.004571533203124999,0.026275634765625,,3.308415106863966,778,,deep_ensemble,,,model_779.mat,0.0803885643899088,,,0.06123477163262652,1,,,,,,,,,,,,0.2761077880859375,0.0,test,,,,0.11454654731809977,,mixed_0db,0.9022607803344727
,,,,,,,,,0,,,0.21880501508712769,,0.42945191264152527,0.5476123094558716,,,,,,0.8203673362731934,,778,,residual_map,,,model_779.mat,,,,0.06845153868198395,7,,,,,,1.0,0.0,,,,,,0.0,test,,,,,0.03,mixed_0db,10.122500896453857
0.02517275470297103,,0.979217529296875,0.029217529296875044,0.04719385322422594,-0.9220555512229923,0.5424232423510902,0.9770050048828125,1.912344593926287,0,0.8917388916015625,0.04034957835097497,0.22037076950073242,,0.43147072885441773,0.5497273475848385,0.9210643611832829,0.9903889113785138,0.009853199124336243,0.03641676902770996,0.026275634765625,0.8203678131103516,-0.8826159142976462,778,,residual_laplace,,,model_779.mat,0.28364304454110423,,,0.06871591844810482,31,,,,,,1.5958644191718658,4.118253718566845,,,,,0.8740692138671875,0.0,test,,,,-0.10350911406625875,0.03,mixed_0db,28.774781703948975
0.017877214861994613,0.08855804800987244,0.9823150634765625,0.032315063476562544,0.033482512073225196,-1.3575980329451398,0.299906143735002,0.9498748779296875,0.8191470054346994,2,0.990966796875,0.033741921991690224,0.20821721851825714,1.8,0.3732001722449354,0.4887202523920701,0.960297693118178,0.9931135154807306,0.007122154347598553,0.0309985876083374,0.026275634765625,0.891775906085968,-1.2719972266956248,778,7.5,neural_bvi,1.0,1.0,model_779.mat,0.36612005140133536,ensemble_calibrated,0.17197486758232117,0.061090031549008765,37,0.0,"[{""label"": ""reference_ensemble_mean"", ""alpha"": null, ""data_rmse"": 0.20958884060382843}, {""label"": ""center"", ""alpha"": 0.0, ""data_rmse"": 0.20821696519851685}, {""label"": ""bvi_alpha_0.025"", ""alpha"": 0.025, ""data_rmse"": 0.20821377635002136}, {""label"": ""bvi_alpha_0.05"", ""alpha"": 0.05, ""data_rmse"": 0.20819935202598572}, {""label"": ""bvi_alpha_0.1"", ""alpha"": 0.1, ""data_rmse"": 0.2082146406173706}, {""label"": ""bvi_alpha_0.2"", ""alpha"": 0.2, ""data_rmse"": 0.20824839174747467}]",physics_line_search,1.7881393432617188e-07,center,,,0.07978461682796478,0.09339797496795654,0.09339797496795654,0.75,0.98443603515625,0.0,test,"[0.0, 0.0]","[0.9563645301386714, 0.891775906085968]","[1.0, 0.0]",0.07069577377947373,0.03,mixed_0db,48.77329611778259
,,,,,,,,,,,,0.16549797356128693,,0.43308189511299133,0.5486176609992981,,,,,,,,778,,nn,,,model_779.mat,,,,0.06857720762491226,1,,,,,,,,,,,,,5.0,test,,,,,,mixed_5db,0.7698526382446289
0.01380481864169397,,0.9874420166015625,0.037442016601562544,0.03764051267528416,-1.2480988456269495,0.3280881622919364,0.9807586669921875,7.976083234617511,,0.152435302734375,0.049272913993661335,0.16585493087768555,,0.43760024386580576,0.5521541552978845,0.9080876727407897,0.9770039839214774,0.005139651828342014,0.005029805501302083,0.026275634765625,,22.087702120929226,778,,mc_dropout,,,model_779.mat,0.041133994298250195,,,0.06901926941223556,1,,,,,,,,,,,,0.137359619140625,5.0,test,,,,0.310061780687804,,mixed_5db,1.0400512218475342
0.016336428623814653,,0.9795684814453125,0.029568481445312544,0.03537911738064002,-1.2882243026571845,0.3648642521689345,0.9235382080078125,4.708565913660769,,0.41033935546875,0.038367034320370974,0.15404653549194336,,0.37011158910268027,0.4875879458090928,0.937101190870322,0.983795512415274,0.0049108886718750005,0.004882812499999998,0.026275634765625,,4.340437658298329,778,,deep_ensemble,,,model_779.mat,0.07748946469361093,,,0.0609484932261366,1,,,,,,,,,,,,0.2553253173828125,5.0,test,,,,0.08565053689539642,,mixed_5db,0.8473000526428223
,,,,,,,,,0,,,0.16288377344608307,,0.45046353340148926,0.5603742599487305,,,,,,1.468918800354004,,778,,residual_map,,,model_779.mat,,,,0.07004678249359131,7,,,,,,1.0,0.0,,,,,,5.0,test,,,,,0.03,mixed_5db,9.916262865066528
0.026933601131872622,,0.9745330810546875,0.024533081054687544,0.046289625966338996,-0.9527411066597062,0.49084056703967127,0.9684906005859375,1.912344593926287,0,0.842132568359375,0.04167969567694011,0.1646902710199356,,0.44791307076196496,0.5579277647543002,0.9273208395254078,0.9911624100850297,0.007544768042862415,0.026787161827087402,0.026275634765625,1.468928575515747,-0.7458660388819137,778,,residual_laplace,,,model_779.mat,0.2566695190558005,,,0.06974097059428752,31,,,,,,1.8362079170017083,12.039167207998332,,,,,0.8294677734375,5.0,test,,,,-0.219429316335125,0.03,mixed_5db,28.614620685577393
0.01699587589928045,0.08800038695335388,0.9742279052734375,0.024227905273437544,0.03317272303488769,-1.362996598491242,0.29486295033466425,0.9524078369140625,0.8191470054346994,2,0.9870758056640625,0.03409198250766873,0.1520678848028183,1.8,0.37073976426197497,0.4861974705109271,0.9602408672845604,0.996090263344104,0.006869650445878506,0.027468085289001465,0.026275634765625,1.5832140445709229,-1.2798993750814425,778,7.5,neural_bvi,1.0,1.0,model_779.mat,0.3599634111806199,ensemble_calibrated,0.09670856595039368,0.06077468381386589,37,0.0,"[{""label"": ""reference_ensemble_mean"", ""alpha"": null, ""data_rmse"": 0.15404653549194336}, {""label"": ""center"", ""alpha"": 0.0, ""data_rmse"": 0.15206806361675262}, {""label"": ""bvi_alpha_0.025"", ""alpha"": 0.025, ""data_rmse"": 0.15205895900726318}, {""label"": ""bvi_alpha_0.05"", ""alpha"": 0.05, ""data_rmse"": 0.15208342671394348}, {""label"": ""bvi_alpha_0.1"", ""alpha"": 0.1, ""data_rmse"": 0.15208669006824493}, {""label"": ""bvi_alpha_0.2"", ""alpha"": 0.2, ""data_rmse"": 0.15220403671264648}]",physics_line_search,2.384185791015625e-07,center,,,0.07801029831171036,0.091827392578125,0.091827392578125,0.75,0.98638916015625,5.0,test,"[0.0, 0.0]","[1.5134686026722193, 1.5832140445709229]","[1.0, 0.0]",0.16151459320876563,0.03,mixed_5db,49.46055555343628
,,,,,,,,,,,,0.1443289816379547,,0.42088013887405396,0.5384880900382996,,,,,,,,778,,nn,,,model_779.mat,,,,0.06731101125478745,1,,,,,,,,,,,,,10.0,test,,,,,,mixed_10db,0.7418432235717773
0.014230885745789424,,0.9847869873046875,0.034786987304687544,0.036618886125441764,-1.1942198229440653,0.3081161914411394,0.9781341552734375,7.976083234617511,,0.1487274169921875,0.04830080155787404,0.14439482986927032,,0.4272338256634233,0.5439374500293909,0.9061025488752623,0.9749734474396354,0.00544309828016493,0.005293273925781251,0.026275634765625,,29.159766544711182,778,,mc_dropout,,,model_779.mat,0.03863001204439805,,,0.06799218125367386,1,,,,,,,,,,,,0.134002685546875,10.0,test,,,,0.27968802896688294,,mixed_10db,0.9860110282897949
0.016234303586001638,,0.97930908203125,0.029309082031250044,0.03479732558367274,-1.297221213091994,0.3605508954688117,0.9176177978515625,4.708565913660769,,0.4113006591796875,0.03736707832182447,0.13059352338314056,,0.3608472757845448,0.47859208845941814,0.9359234799331976,0.9846786776187925,0.00485107421875,0.004833984374999999,0.026275634765625,,4.52051122225358,778,,deep_ensemble,,,model_779.mat,0.07657339880764708,,,0.05982401105742727,1,,,,,,,,,,,,0.259429931640625,10.0,test,,,,0.06183493736879831,,mixed_10db,0.8306856155395508
,,,,,,,,,0,,,0.1412976086139679,,0.43288466334342957,0.5466588735580444,,,,,,3.4562618732452393,,778,,residual_map,,,model_779.mat,,,,0.06833235919475555,7,,,,,,1.0,0.0,,,,,,10.0,test,,,,,0.03,mixed_10db,9.783305406570435
0.027577646906007145,,0.93878173828125,0.011218261718749956,0.04310690107862908,-0.981026038049712,0.3980945595988431,0.93353271484375,1.912344593926287,0,0.7617950439453125,0.04090808114439605,0.14208504557609558,,0.4323582797664418,0.5470153745017047,0.92819628095567,0.9886748434137874,0.0061894794926047325,0.01639735698699951,0.026275634765625,3.456268310546875,-0.25958122400566774,778,,residual_laplace,,,model_779.mat,0.2081709338264815,,,0.06837692181271308,31,,,,,,3.018157208649378,39.316249099643,,,,,0.74676513671875,10.0,test,,,,-0.2320162547865227,0.03,mixed_10db,28.90743660926819
0.0177499622414505,0.08680251240730286,0.9782562255859375,0.028256225585937544,0.032532475426562735,-1.383604611087798,0.2899611025136696,0.961639404296875,0.8191470054346994,2,0.99359130859375,0.03297997640320118,0.1282326728105545,1.8,0.3620646615385805,0.4777410039564536,0.9621248233815056,0.9960539990514681,0.007053432986140251,0.030127286911010742,0.026275634765625,3.4693307876586914,-1.3001687361246668,778,7.5,neural_bvi,1.0,1.0,model_779.mat,0.35397932311282143,ensemble_calibrated,0.054383233189582825,0.0597176254945567,37,0.0,"[{""label"": ""reference_ensemble_mean"", ""alpha"": null, ""data_rmse"": 0.13059352338314056}, {""label"": ""center"", ""alpha"": 0.0, ""data_rmse"": 0.12823255360126495}, {""label"": ""bvi_alpha_0.025"", ""alpha"": 0.025, ""data_rmse"": 0.12817060947418213}, {""label"": ""bvi_alpha_0.05"", ""alpha"": 0.05, ""data_rmse"": 0.1280997395515442}, {""label"": ""bvi_alpha_0.1"", ""alpha"": 0.1, ""data_rmse"": 0.1279720962047577}, {""label"": ""bvi_alpha_0.2"", ""alpha"": 0.2, ""data_rmse"": 0.127868190407753}]",physics_line_search,1.7881393432617188e-07,center,,,0.07614989578723907,0.09030084311962128,0.09030084311962128,0.75,0.98828125,10.0,test,"[0.0, 0.0]","[3.1516359876841307, 3.4693307876586914]","[1.0, 0.0]",0.06443524042483767,0.03,mixed_10db,48.68826460838318
,,,,,,,,,,,,0.18237486481666565,,0.36296752095222473,0.5615869760513306,,,,,,,,699,,nn,,,model_700.mat,,,,0.07019837200641632,1,,,,,,,,,,,,,0.0,test,,,,,,mixed_0db,0.7247724533081055
0.012661039091830742,,0.98822021484375,0.038220214843750044,0.036061127654214056,-1.3154933053898499,0.40281543007189247,0.9887237548828125,7.976083234617511,,0.3075103759765625,0.03960192690353134,0.18252888321876526,,0.3661491593293249,0.5579869360132274,0.04674838731999405,0.725708808931335,0.009099900987413194,0.009349568684895834,0.0032501220703125,,7.988481483498994,699,,mc_dropout,,,model_700.mat,0.050502912041684174,,,0.06974836700165342,1,,,,,,,,,,,,0.2779388427734375,0.0,test,,,,0.33584525842297464,,mixed_0db,0.998297929763794
0.01486069509022448,,0.9878692626953125,0.037869262695312544,0.03701579016685411,-1.2485298649426315,0.43226628204365947,0.943206787109375,4.708565913660769,,0.563323974609375,0.035385771898777424,0.17485429346561432,,0.3510849191367015,0.5134209228667778,0.05442617932085874,0.7042140683504197,0.0061431884765625,0.0068511962890625,0.0032501220703125,,1.587421296593429,699,,deep_ensemble,,,model_700.mat,0.09180423295248936,,,0.06417761535834722,1,,,,,,,,,,,,0.3829345703125,0.0,test,,,,0.1878500418537919,,mixed_0db,0.8057324886322021
,,,,,,,,,0,,,0.18158243596553802,,0.3620113134384155,0.5607410073280334,,,,,,0.8208916187286377,,699,,residual_map,,,model_700.mat,,,,0.07009262591600418,7,,,,,,1.0,0.0,,,,,,0.0,test,,,,,0.03,mixed_0db,9.936015844345093
0.0199541776800447,,0.983856201171875,0.033856201171875044,0.04474233179569455,-0.9905824340681788,0.5445376683629393,0.9819793701171875,1.912344593926287,0,0.9145965576171875,0.03632258770797627,0.17989285290241241,,0.3656700695651507,0.5641633416160398,0.05315378529865803,0.9101130108319087,0.011826694943010807,0.033045411109924316,0.0032501220703125,0.8208878040313721,-1.1340356220031569,699,,residual_laplace,,,model_700.mat,0.28474871650662037,,,0.07052041770200497,31,,,,,,1.591819906826543,2.7954015163450903,,,,,0.9107513427734375,0.0,test,,,,0.14893093235770158,0.03,mixed_0db,28.68079972267151
0.014564487169395842,0.10819143056869507,0.9864959716796875,0.036495971679687544,0.033569895468476635,-1.3715148832285826,0.33403449039719135,0.9689788818359375,0.8191470054346994,2,0.99200439453125,0.03490855333018492,0.17406728863716125,1.8,0.35338293776433005,0.5121770091370799,0.06078844067278695,0.8090814377870487,0.012611323036253452,0.05395042896270752,0.0032501220703125,0.8638414144515991,-1.2538384677132486,699,7.5,neural_bvi,1.0,1.0,model_700.mat,0.40778332604649903,ensemble_calibrated,0.1426050364971161,0.06402212614213498,37,0.0,"[{""label"": ""reference_ensemble_mean"", ""alpha"": null, ""data_rmse"": 0.17485429346561432}, {""label"": ""center"", ""alpha"": 0.0, ""data_rmse"": 0.17406736314296722}, {""label"": ""bvi_alpha_0.025"", ""alpha"": 0.025, ""data_rmse"": 0.1740696281194687}, {""label"": ""bvi_alpha_0.05"", ""alpha"": 0.05, ""data_rmse"": 0.17405708134174347}, {""label"": ""bvi_alpha_0.1"", ""alpha"": 0.1, ""data_rmse"": 0.17403024435043335}, {""label"": ""bvi_alpha_0.2"", ""alpha"": 0.2, ""data_rmse"": 0.174005925655365}]",physics_line_search,1.1920928955078125e-07,center,,,0.09196175634860992,0.10402636229991913,0.10402636229991913,0.75,0.98419189453125,0.0,test,"[0.0, 0.06662213802337646]","[0.9197750631719828, 0.8638414144515991]","[1.0, 1.0]",0.21417905217153105,0.03,mixed_0db,49.6718647480011
,,,,,,,,,,,,0.1392626017332077,,0.36460351943969727,0.5425461530685425,,,,,,,,699,,nn,,,model_700.mat,,,,0.06781826913356781,1,,,,,,,,,,,,,5.0,test,,,,,,mixed_5db,0.7603774070739746
0.015106796402380674,,0.98974609375,0.039746093750000044,0.03615860839524457,-1.295643120061227,0.3994356940197495,0.98748779296875,7.976083234617511,,0.321502685546875,0.039848729446054186,0.13944578170776367,,0.366393941851887,0.5357781544283522,0.05605676596381403,0.7293032262432424,0.007681240505642361,0.007924397786458332,0.0032501220703125,,8.50327917012328,699,,mc_dropout,,,model_700.mat,0.050079178215794315,,,0.06697226930354402,1,,,,,,,,,,,,0.2962646484375,5.0,test,,,,0.19372878476314623,,mixed_5db,1.1280803680419922
0.01600069856770483,,0.988250732421875,0.038250732421875044,0.03775456599991116,-1.2241337855702126,0.43951399441886396,0.9403839111328125,4.708565913660769,,0.560943603515625,0.035816343689609766,0.13009576499462128,,0.3539813524200781,0.4990005005001607,0.08278681288969325,0.7378436327849784,0.0052600097656249995,0.005792236328124999,0.0032501220703125,,1.9861061824051844,699,,deep_ensemble,,,model_700.mat,0.09334349406887993,,,0.06237506256252009,1,,,,,,,,,,,,0.389373779296875,5.0,test,,,,0.1582705130121571,,mixed_5db,0.8645775318145752
,,,,,,,,,0,,,0.13695445656776428,,0.3611549735069275,0.5403806567192078,,,,,,1.5052270889282227,,699,,residual_map,,,model_700.mat,,,,0.06754758208990097,7,,,,,,1.0,0.0,,,,,,5.0,test,,,,,0.03,mixed_5db,10.172789573669434
0.020426960694386403,,0.9743499755859375,0.024349975585937544,0.04271308011970787,-1.0452416369012374,0.49999202497529294,0.972320556640625,1.912344593926287,0,0.9041595458984375,0.035491441941883875,0.13604851067066193,,0.36728326438795555,0.5458363287588079,0.08256765043472829,0.9058352790636116,0.009826253168284893,0.028172850608825684,0.0032501220703125,1.5052368640899658,-1.1060508189901572,699,,residual_laplace,,,model_700.mat,0.2614549838176883,,,0.06822954109485099,31,,,,,,2.0279469691054253,9.780151846395668,,,,,0.9001922607421875,5.0,test,,,,0.14720329132235574,0.03,mixed_5db,28.510416507720947
0.01390111857871047,0.10258948802947998,0.988494873046875,0.038494873046875044,0.03323705678134657,-1.3986695490997865,0.326147543919622,0.9793548583984375,0.8191470054346994,2,0.995452880859375,0.03486217526016289,0.1284550130367279,1.8,0.35712571872119625,0.49876647541102265,0.0927559930804919,0.8847399261696968,0.011569925583899021,0.05227839946746826,0.0032501220703125,1.4817745685577393,-1.2805855197200136,699,7.5,neural_bvi,1.0,1.0,model_700.mat,0.3981550829774983,ensemble_calibrated,0.08019270747900009,0.06234580942637783,37,0.0,"[{""label"": ""reference_ensemble_mean"", ""alpha"": null, ""data_rmse"": 0.13009576499462128}, {""label"": ""center"", ""alpha"": 0.0, ""data_rmse"": 0.12845511734485626}, {""label"": ""bvi_alpha_0.025"", ""alpha"": 0.025, ""data_rmse"": 0.12843205034732819}, {""label"": ""bvi_alpha_0.05"", ""alpha"": 0.05, ""data_rmse"": 0.12841153144836426}, {""label"": ""bvi_alpha_0.1"", ""alpha"": 0.1, ""data_rmse"": 0.12836149334907532}, {""label"": ""bvi_alpha_0.2"", ""alpha"": 0.2, ""data_rmse"": 0.12815339863300323}]",physics_line_search,1.1920928955078125e-07,center,,,0.08894219249486923,0.10157017409801483,0.10157017409801483,0.75,0.9915008544921875,5.0,test,"[0.0, 0.0]","[1.4638267066329718, 1.4817745685577393]","[1.0, 0.0]",0.24278434940098959,0.03,mixed_5db,49.37404775619507
,,,,,,,,,,,,0.12415225803852081,,0.37174737453460693,0.5491464138031006,,,,,,,,699,,nn,,,model_700.mat,,,,0.06864330172538757,1,,,,,,,,,,,,,10.0,test,,,,,,mixed_10db,0.7942640781402588
0.014825281509360288,,0.9920196533203125,0.042019653320312544,0.035448447052683574,-1.3488071582494108,0.3698960515123927,0.9846954345703125,7.976083234617511,,0.30804443359375,0.04080630572063554,0.12467588484287262,,0.3711768478250861,0.5462820630340219,0.051465550361577066,0.7334195714628334,0.007865397135416667,0.008119710286458333,0.0032501220703125,,10.025928310643529,699,,mc_dropout,,,model_700.mat,0.046375650874743476,,,0.06828525787925274,1,,,,,,,,,,,,0.2759552001953125,10.0,test,,,,0.19295872424519783,,mixed_10db,1.0502328872680664
0.016610965357966637,,0.9822998046875,0.032299804687500044,0.0374530606469253,-1.2295502351590717,0.4276558187338504,0.91534423828125,4.708565913660769,,0.5528717041015625,0.03591481789426097,0.1121865063905716,,0.3526006628818322,0.49816808068334145,0.06626988666422148,0.6955974065745811,0.005123291015625,0.005810546874999999,0.0032501220703125,,2.53940947274065,699,,deep_ensemble,,,model_700.mat,0.09082506789472886,,,0.06227101008541768,1,,,,,,,,,,,,0.38525390625,10.0,test,,,,0.12654266247425341,,mixed_10db,0.8408498764038086
,,,,,,,,,0,,,0.12197481095790863,,0.37873780727386475,0.5599880218505859,,,,,,3.7814462184906006,,699,,residual_map,,,model_700.mat,,,,0.06999850273132324,7,,,,,,1.0,0.0,,,,,,10.0,test,,,,,0.03,mixed_10db,10.137579202651978
0.02260075363893156,,0.9449005126953125,0.005099487304687456,0.040195880922833944,-1.0810335684175794,0.38982642216291896,0.9408721923828125,1.912344593926287,0,0.8371124267578125,0.03688786648824417,0.12113890796899796,,0.3839617095398111,0.5664841084522967,0.0602496726102549,0.8769185899551949,0.009271176531910896,0.018658161163330078,0.0032501220703125,3.781467914581299,-0.5549172342306226,699,,residual_laplace,,,model_700.mat,0.2038473732839487,,,0.07081051355653709,31,,,,,,3.1731230396723396,37.408867564812184,,,,,0.83062744140625,10.0,test,,,,0.10755118351709851,0.03,mixed_10db,28.824113607406616
0.0140975921730845,0.10517185926437378,0.987213134765625,0.037213134765625044,0.03331028087403008,-1.3874679993487606,0.329670088055136,0.9666595458984375,0.8191470054346994,2,0.993377685546875,0.03485452458042495,0.11029286682605743,1.8,0.3565574682335644,0.49849354407444557,0.06901769041287895,0.8041064845050586,0.012675240635871887,0.05624747276306152,0.0032501220703125,3.2277727127075195,-1.2694616721633214,699,7.5,neural_bvi,1.0,1.0,model_700.mat,0.40245534179812925,ensemble_calibrated,0.04509567469358444,0.062311693009305696,37,0.0,"[{""label"": ""reference_ensemble_mean"", ""alpha"": null, ""data_rmse"": 0.1121865063905716}, {""label"": ""center"", ""alpha"": 0.0, ""data_rmse"": 0.11029288917779922}, {""label"": ""bvi_alpha_0.025"", ""alpha"": 0.025, ""data_rmse"": 0.11027335375547409}, {""label"": ""bvi_alpha_0.05"", ""alpha"": 0.05, ""data_rmse"": 0.11024459451436996}, {""label"": ""bvi_alpha_0.1"", ""alpha"": 0.1, ""data_rmse"": 0.11020030826330185}, {""label"": ""bvi_alpha_0.2"", ""alpha"": 0.2, ""data_rmse"": 0.11005055904388428}]",physics_line_search,1.1920928955078125e-07,center,,,0.09033777564764023,0.1026671826839447,0.1026671826839447,0.75,0.9767303466796875,10.0,test,"[0.0, 0.14347314834594727]","[3.2764546629041433, 3.2277727127075195]","[1.0, 1.0]",0.22889204669917468,0.03,mixed_10db,49.4987096786499
,,,,,,,,,,,,0.20012332499027252,,0.3349705934524536,0.5066293478012085,,,,,,,,550,,nn,,,model_551.mat,,,,0.06332866847515106,1,,,,,,,,,,,,,0.0,test,,,,,,mixed_0db,0.7009634971618652
0.010159224110286146,,0.9811553955078125,0.031155395507812544,0.03276164605031255,-1.3986300471446493,0.3564630662930854,0.9790191650390625,7.976083234617511,,0.36883544921875,0.035620500270808354,0.20014505088329315,,0.3268778787296166,0.4966079046761057,0.8870400678901773,0.9698394204569786,0.0032819281684027778,0.0030212402343750013,0.018890380859375,,13.293917306044866,550,,mc_dropout,,,model_551.mat,0.044691492787615195,,,0.062075988084513214,1,,,,,,,,,,,,0.338653564453125,0.0,test,,,,0.4918616095042623,,mixed_0db,1.022486686706543
0.009112756751853792,,0.993499755859375,0.043499755859375044,0.03588960167996472,-1.3050508491725017,0.46720495933122597,0.9759979248046875,4.708565913660769,,0.700408935546875,0.029566775313454627,0.20429931581020355,,0.2995205670539235,0.4456786234493566,0.9315650710780852,0.977665604735945,0.0026495361328125,0.0017852783203125,0.018890380859375,,-0.2615018063156991,550,,deep_ensemble,,,model_551.mat,0.09922447047436164,,,0.055709827931169575,1,,,,,,,,,,,,0.47686767578125,0.0,test,,,,0.47066517218856896,,mixed_0db,0.8043482303619385
,,,,,,,,,0,,,0.1986255645751953,,0.34117674827575684,0.5123894214630127,,,,,,0.7196522951126099,,550,,residual_map,,,model_551.mat,,,,0.06404867768287659,7,,,,,,1.0,0.0,,,,,,0.0,test,,,,,0.03,mixed_0db,9.950488090515137
0.011156936507114457,,0.9923095703125,0.042309570312500044,0.04079758998279355,-1.122652398263337,0.508743499292524,0.991424560546875,1.912344593926287,0,0.954437255859375,0.03297293626968932,0.20013220608234406,,0.35653452937146746,0.5240933595707232,0.8790274322117914,0.970642771684409,0.01287356298416853,0.053949952125549316,0.018890380859375,0.7196693420410156,-1.438256691800953,550,,residual_laplace,,,model_551.mat,0.266031289968258,,,0.0655116699463404,31,,,,,,1.9473902686391935,6.7334838157306605,,,,,0.947845458984375,0.0,test,,,,0.5104493966930099,0.03,mixed_0db,28.790443897247314
0.008917164527274216,0.08725740015506744,0.992095947265625,0.042095947265625044,0.027838024796333277,-1.6163017731718532,0.2631996234671984,0.955352783203125,0.8191470054346994,2,0.9963226318359375,0.028160069334044635,0.20429973304271698,1.8,0.299520566631557,0.4456786229917542,0.9472805055727883,0.9778410675232866,0.0055224038660526276,0.030240774154663082,0.018890380859375,0.9251606464385986,-1.5028114750342603,550,7.5,neural_bvi,1.0,1.0,model_551.mat,0.32130938857247654,ensemble_calibrated,0.1671130508184433,0.055709827873969275,37,-1.0,"[{""label"": ""reference_ensemble_mean"", ""alpha"": null, ""data_rmse"": 0.20429931581020355}, {""label"": ""center"", ""alpha"": 0.0, ""data_rmse"": 0.21039442718029022}, {""label"": ""bvi_alpha_0.025"", ""alpha"": 0.025, ""data_rmse"": 0.21012715995311737}, {""label"": ""bvi_alpha_0.05"", ""alpha"": 0.05, ""data_rmse"": 0.20997069776058197}, {""label"": ""bvi_alpha_0.1"", ""alpha"": 0.1, ""data_rmse"": 0.2095324695110321}, {""label"": ""bvi_alpha_0.2"", ""alpha"": 0.2, ""data_rmse"": 0.20849213004112244}]",physics_line_search,2.384185791015625e-07,reference_ensemble_mean,,,0.06559751182794571,0.08196668326854706,0.08196668326854706,0.75,0.97979736328125,0.0,test,"[0.0, 0.0]","[0.9592200107872486, 0.9251606464385986]","[1.0, 0.0]",0.45726988618938436,0.03,mixed_0db,50.64471912384033
,,,,,,,,,,,,0.1493784636259079,,0.33972305059432983,0.5028497576713562,,,,,,,,550,,nn,,,model_551.mat,,,,0.06285621970891953,1,,,,,,,,,,,,,5.0,test,,,,,,mixed_5db,0.7614660263061523
0.009282417265719009,,0.9762725830078125,0.026272583007812544,0.03256037853631719,-1.5122459008939808,0.3237312804044688,0.96923828125,7.976083234617511,,0.290435791015625,0.03764202234186522,0.15121744573116302,,0.3403285163995103,0.5026045169499435,0.8964446212686243,0.9715132515295928,0.003164706759982639,0.0030426025390624997,0.018890380859375,,15.544772272326632,550,,mc_dropout,,,model_551.mat,0.040587751004498615,,,0.06282556461874293,1,,,,,,,,,,,,0.2588958740234375,5.0,test,,,,0.5095946853733473,,mixed_5db,1.031257152557373
0.00891696362640011,,0.9923553466796875,0.042355346679687544,0.03501034556277334,-1.2990245375710294,0.45894188854687057,0.9760894775390625,4.708565913660769,,0.71917724609375,0.02845962237324784,0.15192487835884094,,0.2898275390642084,0.44224791882228326,0.9317205003355139,0.9776062335658314,0.0027410888671875,0.0019256591796875007,0.018890380859375,,-0.4464985809385464,550,,deep_ensemble,,,model_551.mat,0.09746956863679834,,,0.05528098985278541,1,,,,,,,,,,,,0.513031005859375,5.0,test,,,,0.47952201501123926,,mixed_5db,0.810375452041626
,,,,,,,,,0,,,0.14669083058834076,,0.3464890718460083,0.5079726576805115,,,,,,1.2684937715530396,,550,,residual_map,,,model_551.mat,,,,0.06349658221006393,7,,,,,,1.0,0.0,,,,,,5.0,test,,,,,0.03,mixed_5db,10.05290699005127
0.013105518294475656,,0.983978271484375,0.033978271484375044,0.037560772644015035,-1.2326825946977766,0.4210275544542963,0.98248291015625,1.912344593926287,0,0.9147491455078125,0.03289692143340894,0.1465214341878891,,0.35358600691191455,0.5131636400227321,0.8792703144991388,0.9710157761485281,0.008428039960563183,0.03611457347869873,0.018890380859375,1.268113613128662,-1.323679895776722,550,,residual_laplace,,,model_551.mat,0.22016301659278986,,,0.06414545500284151,31,,,,,,2.697062901850132,24.667532169745648,,,,,0.91473388671875,5.0,test,,,,0.4119135908754133,0.03,mixed_5db,29.000935077667236
0.00813464213952021,0.09129185229539871,0.99542236328125,0.045422363281250044,0.027428805194928157,-1.6237745579642442,0.26976779534052114,0.974761962890625,0.8191470054346994,2,0.9976806640625,0.0277878526604972,0.1519249826669693,1.8,0.2898275375967394,0.44224791804994346,0.9426971073949293,0.9728459621900871,0.005183368921279907,0.0288851261138916,0.018890380859375,1.4644725322723389,-1.5002716759896972,550,7.5,neural_bvi,1.0,1.0,model_551.mat,0.3293276952130987,ensemble_calibrated,0.09397456794977188,0.05528098975624293,37,-1.0,"[{""label"": ""reference_ensemble_mean"", ""alpha"": null, ""data_rmse"": 0.15192487835884094}, {""label"": ""center"", ""alpha"": 0.0, ""data_rmse"": 0.1585552990436554}, {""label"": ""bvi_alpha_0.025"", ""alpha"": 0.025, ""data_rmse"": 0.15829363465309143}, {""label"": ""bvi_alpha_0.05"", ""alpha"": 0.05, ""data_rmse"": 0.15781450271606445}, {""label"": ""bvi_alpha_0.1"", ""alpha"": 0.1, ""data_rmse"": 0.15706606209278107}, {""label"": ""bvi_alpha_0.2"", ""alpha"": 0.2, ""data_rmse"": 0.15601928532123566}]",physics_line_search,2.384185791015625e-07,reference_ensemble_mean,,,0.06798305362462997,0.08401217311620712,0.08401217311620712,0.75,0.9924774169921875,5.0,test,"[0.0, 0.0]","[1.5819726651534438, 1.4644725322723389]","[1.0, 0.0]",0.47033004102001713,0.03,mixed_5db,50.47339844703674
,,,,,,,,,,,,0.1253662258386612,,0.32364922761917114,0.49374493956565857,,,,,,,,550,,nn,,,model_551.mat,,,,0.06171811744570732,1,,,,,,,,,,,,,10.0,test,,,,,,mixed_10db,0.7460401058197021
0.010269993982805483,,0.974395751953125,0.024395751953125044,0.03171876370391634,-1.5014400220213355,0.31442292407981176,0.971435546875,7.976083234617511,,0.3237152099609375,0.036010161194839026,0.12747637927532196,,0.3255237662498984,0.49385826759043205,0.8822953216585473,0.9674105730229966,0.0034696282280815972,0.0032323201497395848,0.018890380859375,,16.16384311359058,550,,mc_dropout,,,model_551.mat,0.03942071751588963,,,0.06173228344880401,1,,,,,,,,,,,,0.287384033203125,10.0,test,,,,0.4576822377698765,,mixed_10db,1.0380280017852783
0.008370225013862606,,0.9951934814453125,0.045193481445312544,0.034434520338481815,-1.3423589802402767,0.4494039447342947,0.979339599609375,4.708565913660769,,0.6957550048828125,0.028586808745469622,0.12983426451683044,,0.2896619981574986,0.43967625816486533,0.9312377000947382,0.9771997998415194,0.0027526855468750005,0.002093505859374999,0.018890380859375,,-0.4879423850888474,550,,deep_ensemble,,,model_551.mat,0.09544391073119962,,,0.054959532270608166,1,,,,,,,,,,,,0.4853668212890625,10.0,test,,,,0.487689506265547,,mixed_10db,0.8429443836212158
,,,,,,,,,0,,,0.11955221742391586,,0.334981232881546,0.5075258016586304,,,,,,2.6605043411254883,,550,,residual_map,,,model_551.mat,,,,0.0634407252073288,7,,,,,,1.0,0.0,,,,,,10.0,test,,,,,0.03,mixed_10db,10.460424184799194
0.011807388947465889,,0.97467041015625,0.024670410156250044,0.03405144919527796,-1.3701815971335303,0.34206469602634393,0.9708709716796875,1.912344593926287,0,0.88653564453125,0.03131429769561728,0.11991642415523529,,0.33901837101128685,0.5106211301354951,0.860486275485022,0.9640452414848852,0.007362565025687218,0.02829742431640625,0.018890380859375,2.6602699756622314,-1.2600923458117523,550,,residual_laplace,,,model_551.mat,0.1788718921397297,,,0.0638276412669369,31,,,,,,4.382226682270239,68.26185301136643,,,,,0.8736419677734375,10.0,test,,,,0.44542546425034174,0.03,mixed_10db,29.509763479232788
0.0079557143129287,0.09213919192552567,0.9942626953125,0.044262695312500044,0.02747046760242814,-1.60813873887277,0.27411999344714544,0.969146728515625,0.8191470054346994,2,0.9967803955078125,0.028253040284899805,0.12983472645282745,1.8,0.2896619984187847,0.43967625817659756,0.9380957674269927,0.9772839571560752,0.006283856928348541,0.03209662437438965,0.018890380859375,3.464965343475342,-1.4805157503810493,550,7.5,neural_bvi,1.0,1.0,model_551.mat,0.3346407807493324,ensemble_calibrated,0.0528457835316658,0.054959532272074695,37,-1.0,"[{""label"": ""reference_ensemble_mean"", ""alpha"": null, ""data_rmse"": 0.12983426451683044}, {""label"": ""center"", ""alpha"": 0.0, ""data_rmse"": 0.13870294392108917}, {""label"": ""bvi_alpha_0.025"", ""alpha"": 0.025, ""data_rmse"": 0.13835909962654114}, {""label"": ""bvi_alpha_0.05"", ""alpha"": 0.05, ""data_rmse"": 0.13793955743312836}, {""label"": ""bvi_alpha_0.1"", ""alpha"": 0.1, ""data_rmse"": 0.13717903196811676}, {""label"": ""bvi_alpha_0.2"", ""alpha"": 0.2, ""data_rmse"": 0.13545452058315277}]",physics_line_search,1.7881393432617188e-07,reference_ensemble_mean,,,0.06957033276557922,0.08536754548549652,0.08536754548549652,0.75,0.9900360107421875,10.0,test,"[0.0, 0.0]","[3.2347337380051613, 3.464965343475342]","[1.0, 0.0]",0.48625733338085386,0.03,mixed_10db,50.01775789260864
,,,,,,,,,,,,0.20216575264930725,,0.27578943967819214,0.556572437286377,,,,,,,,27,,nn,,,model_28.mat,,,,0.06957155466079712,1,,,,,,,,,,,,,0.0,test,,,,,,mixed_0db,0.7517061233520508
0.007761867599657413,,0.9840240478515625,0.034024047851562544,0.027651811258488066,-1.6089136661123686,0.2710950815188214,0.978485107421875,7.976083234617511,,0.377471923828125,0.030756012841000283,0.20128831267356873,,0.2782487551328814,0.5535445756424625,0.8004773317069547,0.904234726150147,0.0062912495930989585,0.0061375935872395836,0.0169525146484375,,16.08240463744267,27,,mc_dropout,,,model_28.mat,0.03398849705052093,,,0.06919307195530781,1,,,,,,,,,,,,0.3439788818359375,0.0,test,,,,0.48089395423282033,,mixed_0db,1.1192803382873535
0.007887862685708466,,0.981231689453125,0.031231689453125044,0.028086605517540247,-1.631173975905789,0.3252760691756733,0.9491424560546875,4.708565913660769,,0.605438232421875,0.026383935264142337,0.19449757039546967,,0.2637038957743698,0.4567727499225249,0.9221981658454479,0.9707501693126239,0.0034307861328125,0.0029632568359375,0.0169525146484375,,1.248416974930961,27,,deep_ensemble,,,model_28.mat,0.06908177036255995,,,0.057096593740315615,1,,,,,,,,,,,,0.432403564453125,0.0,test,,,,0.4330028626305769,,mixed_0db,0.8438026905059814
,,,,,,,,,0,,,0.19933433830738068,,0.2780056595802307,0.5572891235351562,,,,,,0.7404585480690002,,27,,residual_map,,,model_28.mat,,,,0.06966114044189453,7,,,,,,1.0,0.0,,,,,,0.0,test,,,,,0.03,mixed_0db,10.030439853668213
0.013224445491683603,,0.9859619140625,0.035961914062500044,0.03949839725717775,-1.1394259218270748,0.4980437163280664,0.9851837158203125,1.912344593926287,0,0.9577789306640625,0.030435116533903663,0.2047109454870224,,0.2736376467089485,0.5520597632914608,0.7565237763939621,0.8648293933002148,0.01431767363101244,0.04905211925506592,0.0169525146484375,0.7404613494873047,-1.4144602938197122,27,,residual_laplace,,,model_28.mat,0.2604361776597454,,,0.0690074704114326,31,,,,,,1.9964320846085435,9.993818811997187,,,,,0.9541473388671875,0.0,test,,,,0.20198532532442612,0.03,mixed_0db,28.16312575340271
0.006158672515779434,0.08071254938840866,0.986236572265625,0.036236572265625044,0.026035891233833958,-1.700512393224023,0.2577899350682653,0.9709014892578125,0.8191470054346994,2,0.991424560546875,0.025988140598674853,0.19449755549430847,1.8,0.26370389504371694,0.45677274819897595,0.9024829015332407,0.9679262408196582,0.007844834588468075,0.034805893898010254,0.0169525146484375,0.9862042665481567,-1.5688648333550221,27,7.5,neural_bvi,1.0,1.0,model_28.mat,0.31470533781840915,ensemble_calibrated,0.16500960290431976,0.057096593524871994,37,-1.0,"[{""label"": ""reference_ensemble_mean"", ""alpha"": null, ""data_rmse"": 0.19449757039546967}, {""label"": ""center"", ""alpha"": 0.0, ""data_rmse"": 0.1999289095401764}, {""label"": ""bvi_alpha_0.025"", ""alpha"": 0.025, ""data_rmse"": 0.19979508221149445}, {""label"": ""bvi_alpha_0.05"", ""alpha"": 0.05, ""data_rmse"": 0.19967162609100342}, {""label"": ""bvi_alpha_0.1"", ""alpha"": 0.1, ""data_rmse"": 0.19945970177650452}, {""label"": ""bvi_alpha_0.2"", ""alpha"": 0.2, ""data_rmse"": 0.1990206092596054}]",physics_line_search,1.7881393432617188e-07,reference_ensemble_mean,,,0.0636414885520935,0.08028196543455124,0.08028196543455124,0.75,0.9844512939453125,0.0,test,"[0.0, 0.04077613353729248]","[0.8297434132546186, 0.9862042665481567]","[1.0, 1.0]",0.5173545771558443,0.03,mixed_0db,50.5315682888031
,,,,,,,,,,,,0.14478494226932526,,0.2908196449279785,0.5749896168708801,,,,,,,,27,,nn,,,model_28.mat,,,,0.07187370210886002,1,,,,,,,,,,,,,5.0,test,,,,,,mixed_5db,0.7374086380004883
0.008306577992800114,,0.9865875244140625,0.036587524414062544,0.029588121250371503,-1.512756373620069,0.30324682512606405,0.9826812744140625,7.976083234617511,,0.3522491455078125,0.03222436486946583,0.14388372004032135,,0.2938722113394988,0.5742790831099742,0.7756106356042023,0.891126314028376,0.006708204481336805,0.0066650390625,0.0169525146484375,,18.58710045698717,27,,mc_dropout,,,model_28.mat,0.03801951613362178,,,0.07178488538874678,1,,,,,,,,,,,,0.3293304443359375,5.0,test,,,,0.4627895252066484,,mixed_5db,0.9922449588775635
0.00845007662296454,,0.9715576171875,0.021557617187500044,0.028978893727328658,-1.5965521674951633,0.3196496416451043,0.9245147705078125,4.708565913660769,,0.565032958984375,0.028486343285630933,0.13557100296020508,,0.28011535041050595,0.4900771726612282,0.9053837928254773,0.9625695840829718,0.0038476562500000004,0.00333251953125,0.0169525146484375,,2.6791188602741824,27,,deep_ensemble,,,model_28.mat,0.06788683591889683,,,0.061259646582653524,1,,,,,,,,,,,,0.40753173828125,5.0,test,,,,0.4151954221037606,,mixed_5db,0.8484511375427246
,,,,,,,,,0,,,0.1443299651145935,,0.29282593727111816,0.575396716594696,,,,,,1.2263182401657104,,27,,residual_map,,,model_28.mat,,,,0.071924589574337,7,,,,,,1.0,0.0,,,,,,5.0,test,,,,,0.03,mixed_5db,10.180014610290527
0.014021842226024818,,0.9782562255859375,0.028256225585937544,0.036044542929793005,-1.2547387005365365,0.4035039869366053,0.97735595703125,1.912344593926287,0,0.935760498046875,0.030109407935281926,0.14495185017585754,,0.2904854288333656,0.5717746135160562,0.7492783542437885,0.849049407851146,0.010064040310680866,0.028410792350769043,0.0169525146484375,1.2160824537277222,-1.2713354015696996,27,,residual_laplace,,,model_28.mat,0.21099962230301667,,,0.07147182668950702,31,,,,,,3.3761642266393608,32.0017913226947,,,,,0.9301300048828125,5.0,test,,,,0.18877643550138423,0.03,mixed_5db,28.58911442756653
0.006546176845026958,0.07846006751060486,0.9809722900390625,0.030972290039062544,0.02688897190918217,-1.6983132271538457,0.24410594683993517,0.94244384765625,0.8191470054346994,2,0.9884033203125,0.026903380046783637,0.1355709731578827,1.8,0.2801153501128635,0.4900771717810122,0.8874395492309328,0.9627759656058738,0.0069663310423493385,0.025822997093200684,0.0169525146484375,1.2712600231170654,-1.5838505337156925,27,7.5,neural_bvi,1.0,1.0,model_28.mat,0.29800016995776557,ensemble_calibrated,0.09279172122478485,0.06125964647262652,37,-1.0,"[{""label"": ""reference_ensemble_mean"", ""alpha"": null, ""data_rmse"": 0.13557100296020508}, {""label"": ""center"", ""alpha"": 0.0, ""data_rmse"": 0.1390581727027893}, {""label"": ""bvi_alpha_0.025"", ""alpha"": 0.025, ""data_rmse"": 0.1389303207397461}, {""label"": ""bvi_alpha_0.05"", ""alpha"": 0.05, ""data_rmse"": 0.1388045996427536}, {""label"": ""bvi_alpha_0.1"", ""alpha"": 0.1, ""data_rmse"": 0.1386009156703949}, {""label"": ""bvi_alpha_0.2"", ""alpha"": 0.2, ""data_rmse"": 0.13816063106060028}]",physics_line_search,2.384185791015625e-07,reference_ensemble_mean,,,0.05831228941679001,0.07602044939994812,0.07602044939994812,0.75,0.9658355712890625,5.0,test,"[0.0, 0.0]","[1.2291169419768266, 1.2712600231170654]","[1.0, 0.0]",0.5167988860235717,0.03,mixed_5db,50.09610199928284
,,,,,,,,,,,,0.12339162826538086,,0.28802645206451416,0.5718585848808289,,,,,,,,27,,nn,,,model_28.mat,,,,0.07148232311010361,1,,,,,,,,,,,,,10.0,test,,,,,,mixed_10db,0.7270524501800537
0.007612311578240431,,0.98736572265625,0.037365722656250044,0.028222659437155875,-1.594780842719659,0.27685751102398015,0.986175537109375,7.976083234617511,,0.3183135986328125,0.03169522290690717,0.12175647169351578,,0.28695074495002093,0.5639338968534761,0.782830759412238,0.8937872134128431,0.006438530815972222,0.006274414062500001,0.0169525146484375,,18.353055337010762,27,,mc_dropout,,,model_28.mat,0.03471096060641343,,,0.07049173710668451,1,,,,,,,,,,,,0.295135498046875,10.0,test,,,,0.4674131613417536,,mixed_10db,1.0158100128173828
0.008275087667293669,,0.9744873046875,0.024487304687500044,0.02836858994807351,-1.6401094307581752,0.30882403105866474,0.9255218505859375,4.708565913660769,,0.548828125,0.028094937280075102,0.11190028488636017,,0.2757100349120265,0.4842914102111318,0.9038214367403533,0.9608076151037688,0.0037725830078125,0.0031219482421875003,0.0169525146484375,,2.5073776010752638,27,,deep_ensemble,,,model_28.mat,0.06558770479687248,,,0.060536426276391476,1,,,,,,,,,,,,0.3990936279296875,10.0,test,,,,0.4096596995453973,,mixed_10db,0.838078498840332
,,,,,,,,,0,,,0.12103546410799026,,0.3052811026573181,0.5759119391441345,,,,,,2.75244140625,,27,,residual_map,,,model_28.mat,,,,0.07198899239301682,7,,,,,,1.0,0.0,,,,,,10.0,test,,,,,0.03,mixed_10db,10.235633134841919
0.01324767958282013,,0.9626007080078125,0.012600708007812544,0.032183775048726986,-1.3614765422226145,0.2902764827008709,0.9612274169921875,1.912344593926287,0,0.865692138671875,0.029809404963295535,0.12114100903272629,,0.3032697617028077,0.5741118355982711,0.7559823500854821,0.8542665069766581,0.007869782857596874,0.012920975685119629,0.0169525146484375,2.752091407775879,-0.7838334019515479,27,,residual_laplace,,,model_28.mat,0.15179088731804902,,,0.07176397944978388,31,,,,,,5.8843030631764535,114.64252112836681,,,,,0.8511199951171875,10.0,test,,,,0.2517312337457616,0.03,mixed_10db,29.623668670654297
0.006022855236490364,0.07916365563869476,0.9837493896484375,0.033749389648437544,0.02658185602515198,-1.698811115393133,0.2500522819123075,0.9560089111328125,0.8191470054346994,2,0.9898529052734375,0.02679341452654299,0.11190000176429749,1.8,0.27571003469435595,0.48429140941148835,0.8844204920311864,0.957427803315838,0.008187021128833294,0.03116428852081299,0.0169525146484375,2.5981874465942383,-1.5772592987680154,27,7.5,neural_bvi,1.0,1.0,model_28.mat,0.30525934936380733,ensemble_calibrated,0.05218062177300453,0.060536426176436044,37,-1.0,"[{""label"": ""reference_ensemble_mean"", ""alpha"": null, ""data_rmse"": 0.11190028488636017}, {""label"": ""center"", ""alpha"": 0.0, ""data_rmse"": 0.11583372205495834}, {""label"": ""bvi_alpha_0.025"", ""alpha"": 0.025, ""data_rmse"": 0.11559414118528366}, {""label"": ""bvi_alpha_0.05"", ""alpha"": 0.05, ""data_rmse"": 0.11540259420871735}, {""label"": ""bvi_alpha_0.1"", ""alpha"": 0.1, ""data_rmse"": 0.11483646929264069}, {""label"": ""bvi_alpha_0.2"", ""alpha"": 0.2, ""data_rmse"": 0.1139708161354065}]",physics_line_search,1.1920928955078125e-07,reference_ensemble_mean,,,0.0605757050216198,0.07787228375673294,0.07787228375673294,0.75,0.9730682373046875,10.0,test,"[0.0, 0.0]","[2.5523895770311356, 2.5981874465942383]","[1.0, 0.0]",0.5472345024112792,0.03,mixed_10db,50.42091655731201
,,,,,,,,,,,,0.21361595392227173,,0.373049795627594,0.6643574833869934,,,,,,,,279,,nn,,,model_280.mat,,,,0.08304468542337418,1,,,,,,,,,,,,,0.0,test,,,,,,mixed_0db,0.7486691474914551
0.006176608134648116,,0.985809326171875,0.035809326171875044,0.034941128189514496,-1.533044746415538,0.3144020652015185,0.979461669921875,7.976083234617511,,0.2905120849609375,0.04205140644822395,0.2128293365240097,,0.37630134642548685,0.6659107342697395,0.6676806559648865,0.8952233827430842,0.005097605387369792,0.004904683430989583,0.0151214599609375,,17.31103679588223,279,,mc_dropout,,,model_280.mat,0.039418102332093696,,,0.08323884178371743,1,,,,,,,,,,,,0.2667999267578125,0.0,test,,,,0.6987380072240195,,mixed_0db,0.9991288185119629
0.008052208302150494,,0.9849700927734375,0.034970092773437544,0.040100806193840176,-1.3592683665726308,0.38423589635160654,0.8863983154296875,4.708565913660769,,0.480804443359375,0.04469106179270966,0.20663170516490936,,0.4277830450181682,0.6846707193386209,0.7257684378514054,0.9198725159794725,0.004735717773437501,0.0040069580078124995,0.0151214599609375,,4.340204340437252,279,,deep_ensemble,,,model_280.mat,0.08160359300741715,,,0.08558383991732761,1,,,,,,,,,,,,0.3468170166015625,0.0,test,,,,0.6663856251604734,,mixed_0db,0.8039507865905762
,,,,,,,,,0,,,0.2114277184009552,,0.3714148998260498,0.6653462052345276,,,,,,0.8332152366638184,,279,,residual_map,,,model_280.mat,,,,0.08316827565431595,7,,,,,,1.0,0.0,,,,,,0.0,test,,,,,0.03,mixed_0db,9.87450098991394
0.013744509599963303,,0.9695892333984375,0.019589233398437544,0.044127531864161525,-1.0671124477025566,0.4849904953505627,0.968780517578125,1.912344593926287,0,0.9231414794921875,0.037192955989148666,0.2184813916683197,,0.3848855924379615,0.6678808581556429,0.7132707380091005,0.862538256814233,0.010564136318862438,0.03695642948150635,0.0151214599609375,0.833212673664093,-1.093985956246796,279,,residual_laplace,,,model_280.mat,0.25361040936124,,,0.08348510726945536,31,,,,,,2.061399841578746,6.97401784623846,,,,,0.921295166015625,0.0,test,,,,0.5339428389278839,0.03,mixed_0db,28.631031274795532
0.007989952833745132,0.09314776957035065,0.9755859375,0.025585937500000044,0.037954752593616047,-1.3851013032350472,0.27122125948063514,0.9163055419921875,0.8191470054346994,2,0.9876861572265625,0.037853621874038144,0.2066318839788437,1.8,0.42778304517348076,0.6846707195669394,0.7239648408484358,0.8831004644089782,0.007333716377615929,0.027987241744995117,0.0151214599609375,0.8785773515701294,-1.3479588411709773,279,7.5,neural_bvi,1.0,1.0,model_280.mat,0.3311020582156743,ensemble_calibrated,0.16579225659370422,0.08558383994586742,37,-1.0,"[{""label"": ""reference_ensemble_mean"", ""alpha"": null, ""data_rmse"": 0.20663170516490936}, {""label"": ""center"", ""alpha"": 0.0, ""data_rmse"": 0.2095259577035904}, {""label"": ""bvi_alpha_0.025"", ""alpha"": 0.025, ""data_rmse"": 0.2094302475452423}, {""label"": ""bvi_alpha_0.05"", ""alpha"": 0.05, ""data_rmse"": 0.20934830605983734}, {""label"": ""bvi_alpha_0.1"", ""alpha"": 0.1, ""data_rmse"": 0.2092294991016388}, {""label"": ""bvi_alpha_0.2"", ""alpha"": 0.2, ""data_rmse"": 0.20880301296710968}]",physics_line_search,1.7881393432617188e-07,reference_ensemble_mean,,,0.06805109232664108,0.08446481823921204,0.08446481823921204,0.75,0.9665985107421875,0.0,test,"[0.0, 0.0]","[0.8671708509791642, 0.8785773515701294]","[1.0, 0.0]",0.674894606568767,0.03,mixed_0db,51.00186347961426
,,,,,,,,,,,,0.18157190084457397,,0.42545294761657715,0.7210144400596619,,,,,,,,279,,nn,,,model_280.mat,,,,0.09012680500745773,1,,,,,,,,,,,,,5.0,test,,,,,,mixed_5db,0.72206711769104
0.007988176314541295,,0.98052978515625,0.030529785156250044,0.03914565951613298,-1.4579228596004579,0.3121077711364998,0.9627685546875,7.976083234617511,,0.26531982421875,0.04925079807524416,0.18044474720954895,,0.43416793006544296,0.7284584015139297,0.6570364868410711,0.8960591250450741,0.005503777398003472,0.005353800455729168,0.0151214599609375,,22.637918085333496,279,,mc_dropout,,,model_280.mat,0.039130455604951736,,,0.09105730018924121,1,,,,,,,,,,,,0.2315521240234375,5.0,test,,,,0.6497978161966277,,mixed_5db,1.0234200954437256
0.008644322562699612,,0.9857177734375,0.035717773437500044,0.03983203113955157,-1.2986922581061522,0.3778220602046138,0.908172607421875,4.708565913660769,,0.422607421875,0.045011910428637524,0.16814304888248444,,0.4291385306335997,0.6727778266764755,0.6990963731890547,0.9202597957494748,0.004771118164062499,0.003994750976562499,0.0151214599609375,,6.154680501595595,279,,deep_ensemble,,,model_280.mat,0.08024142955379404,,,0.08409722833455943,1,,,,,,,,,,,,0.2736358642578125,5.0,test,,,,0.6189724145743971,,mixed_5db,0.8369877338409424
,,,,,,,,,0,,,0.1755259931087494,,0.4159587621688843,0.7186812162399292,,,,,,1.9107319116592407,,279,,residual_map,,,model_280.mat,,,,0.08983515202999115,7,,,,,,1.0,0.0,,,,,,5.0,test,,,,,0.03,mixed_5db,10.385268926620483
0.01610655444256589,,0.951568603515625,0.0015686035156250444,0.04432102758989487,-1.0559019182558067,0.41866581149867,0.9488525390625,1.912344593926287,0,0.901275634765625,0.04034523632235597,0.17600086331367493,,0.41588002538478186,0.7166464018768576,0.6910642660095647,0.8613168528375177,0.008207812905311584,0.024166107177734375,0.0151214599609375,1.9107459783554077,-0.6395789552720963,279,,residual_laplace,,,model_280.mat,0.21892801786374647,,,0.0895808002346072,31,,,,,,3.038830106495897,28.130632717972254,,,,,0.896881103515625,5.0,test,,,,0.5062084780957821,0.03,mixed_5db,29.782220363616943
0.008797077536855515,0.08799789845943451,0.9750213623046875,0.025021362304687544,0.03773448527232441,-1.3473034804397552,0.271800745674106,0.91070556640625,0.8191470054346994,2,0.988189697265625,0.03824050499293326,0.16814282536506653,1.8,0.42913853034901894,0.6727778261920108,0.7134033929282142,0.8978367395020597,0.00836958084255457,0.02966010570526123,0.0151214599609375,1.9098842144012451,-1.3206567983852733,279,7.5,neural_bvi,1.0,1.0,model_280.mat,0.33180948458679727,ensemble_calibrated,0.09323183447122574,0.08409722827400135,37,-1.0,"[{""label"": ""reference_ensemble_mean"", ""alpha"": null, ""data_rmse"": 0.16814304888248444}, {""label"": ""center"", ""alpha"": 0.0, ""data_rmse"": 0.17547042667865753}, {""label"": ""bvi_alpha_0.025"", ""alpha"": 0.025, ""data_rmse"": 0.17531274259090424}, {""label"": ""bvi_alpha_0.05"", ""alpha"": 0.05, ""data_rmse"": 0.17499054968357086}, {""label"": ""bvi_alpha_0.1"", ""alpha"": 0.1, ""data_rmse"": 0.17456629872322083}, {""label"": ""bvi_alpha_0.2"", ""alpha"": 0.2, ""data_rmse"": 0.17357636988162994}]",physics_line_search,1.1920928955078125e-07,reference_ensemble_mean,,,0.06810851395130157,0.08464527875185013,0.08464527875185013,0.75,0.9635009765625,5.0,test,"[0.0, 0.0]","[1.815090961754322, 1.9098842144012451]","[1.0, 0.0]",0.6083933695443497,0.03,mixed_5db,50.59423875808716
,,,,,,,,,,,,0.16765885055065155,,0.3964470326900482,0.7014992237091064,,,,,,,,279,,nn,,,model_280.mat,,,,0.0876874029636383,1,,,,,,,,,,,,,10.0,test,,,,,,mixed_10db,0.7421057224273682
0.0067949660328586,,0.98431396484375,0.034313964843750044,0.03654051113699614,-1.5153183454265182,0.314624776195053,0.9857025146484375,7.976083234617511,,0.272186279296875,0.04496663723362716,0.16934575140476227,,0.39991331952810094,0.7018279842110636,0.6230701459997411,0.895850656528479,0.005794762505425348,0.005590311686197917,0.0151214599609375,,18.378396387868207,279,,mc_dropout,,,model_280.mat,0.03944602467924575,,,0.08772849802638295,1,,,,,,,,,,,,0.240966796875,10.0,test,,,,0.6759801938914233,,mixed_10db,1.0388031005859375
0.009734156770104082,,0.969635009765625,0.019635009765625044,0.038961152622821967,-1.3211614584584275,0.3787651944245526,0.893707275390625,4.708565913660769,,0.4595947265625,0.04267974660691039,0.1518060266971588,,0.41089215676797725,0.6504755569509356,0.682643358815804,0.9231841785614258,0.004833984375,0.0040344238281250005,0.0151214599609375,,5.690313867706361,279,,deep_ensemble,,,model_280.mat,0.08044173137837547,,,0.08130944461886695,1,,,,,,,,,,,,0.2764892578125,10.0,test,,,,0.5781259838190383,,mixed_10db,0.8286986351013184
,,,,,,,,,0,,,0.16054308414459229,,0.4048539996147156,0.7055413126945496,,,,,,4.82097864151001,,279,,residual_map,,,model_280.mat,,,,0.0881926640868187,7,,,,,,1.0,0.0,,,,,,10.0,test,,,,,0.03,mixed_10db,10.418700456619263
0.01647235610002703,,0.9353485107421875,0.014651489257812456,0.04074436577673715,-1.0467244007966032,0.3212984480896227,0.93243408203125,1.912344593926287,0,0.8725738525390625,0.039352636144269884,0.1622924953699112,,0.40486142911596534,0.7068399932053471,0.6518763433040472,0.858951392965069,0.006906573660671711,0.013731837272644043,0.0151214599609375,4.820967197418213,0.09259784246557401,279,,residual_laplace,,,model_280.mat,0.16801284096495045,,,0.08835499915066838,31,,,,,,4.195058903727702,71.62952013581808,,,,,0.863372802734375,10.0,test,,,,0.4850664337813298,0.03,mixed_10db,30.0676429271698
0.008193028970898065,0.08668939024209976,0.9820709228515625,0.032070922851562544,0.03614198429999746,-1.4228187011016364,0.27475406377580047,0.92230224609375,0.8191470054346994,2,0.9882659912109375,0.03660397837456579,0.15180552005767822,1.8,0.41089215649126043,0.6504755566618708,0.7059648357897862,0.9161784122795765,0.009256387129426003,0.03453636169433594,0.0151214599609375,4.827939510345459,-1.3665503725582986,279,7.5,neural_bvi,1.0,1.0,model_280.mat,0.33541484245553194,ensemble_calibrated,0.05242811515927315,0.08130944458273386,37,-1.0,"[{""label"": ""reference_ensemble_mean"", ""alpha"": null, ""data_rmse"": 0.1518060266971588}, {""label"": ""center"", ""alpha"": 0.0, ""data_rmse"": 0.15738964080810547}, {""label"": ""bvi_alpha_0.025"", ""alpha"": 0.025, ""data_rmse"": 0.15696676075458527}, {""label"": ""bvi_alpha_0.05"", ""alpha"": 0.05, ""data_rmse"": 0.1565902829170227}, {""label"": ""bvi_alpha_0.1"", ""alpha"": 0.1, ""data_rmse"": 0.15618255734443665}, {""label"": ""bvi_alpha_0.2"", ""alpha"": 0.2, ""data_rmse"": 0.1554793119430542}]",physics_line_search,1.7881393432617188e-07,reference_ensemble_mean,,,0.0693739578127861,0.0855650082230568,0.0855650082230568,0.75,0.972320556640625,10.0,test,"[0.0, 0.25592660903930664]","[4.730391949415207, 4.827939510345459]","[1.0, 1.0]",0.6096528397551937,0.03,mixed_10db,50.373191118240356
